,,Name (click to view profile),Date,Likes,Comment,(view source),ูุจู ุนูู ฑ/ ุจุนุฏ ุนูู ฐ,Symptopm,ุชุญูู ุนูุงุทู,ุฒูุงู,ูุถุนุช ูพุฒุดฺฉ,ุณูุงูฑ/ ุชุฌุฑุจู ฐ,,
1,,princess_liana_kh,05/01/22 09:25:11,0,@tajrobe.amal.bini ุณูุงู ุงูุชุง ุฌูู ูุทูุง ุฌูุงุจ ูู ุฑู ุจุฏุฏุ  ูู ุณู ูุงู ู ูู ุจุนุฏ ุนููู ูุฎ ุฏุงุฎู ุจูู ูพุงุฑู ุดุฏ ุงุดุชุจุงูุง ุจุง ูฺ ุธุฑูุ  ฺฉ ุฏุงุฎู ุจูู ฺฉุฑุฏูุ  ุงุฒ ุงูู ุฑูุฒ ฺฉู ุณูุช ุฑุงุณุช ุจูู ุดูู ุจุนุฏ ุณู ูุงู ูุงูุนุง ุฎุทุฑ ุณุงุฒ ูุณุช ุจุฑุง ุจูู ูพุงุฑู ุดุฏู ูุฎ ุจุฎูุ  ููุชููู ุฏฺฉุชุฑูู ุจุจูู ฺูู ุงุฑุงู ูุณุชูุ  ููููู ูุดู ูพุงุณุฎ ุจุฏุฏ,view comment,0,ุจุฎู,ุชุฑุณ,3,ุนุฏู ุฏุณุชุฑุณ,1,,
2,,nasim.7974,06/01/22 00:55:02,0,ุฏุฑุจุงุฑู  ุฑุงุญุช ููุณ ฺฉุดุฏู  ููุช  ูุด ุชู ุจู ูู ุจฺฏุฏ ูุทูุง,view comment,0,ุชููุณ,ุงุถุทุฑุงุจ,0,0,1,,
3,,__sajad.k.p1992,06/01/22 07:21:40,0,ูู ฺฉ ูุงูู ุนูู ฺฉุฑุฏู ูู ฺฉุงุฑุง ูู ุณูฺฏูู ุฏุฑ ุทูู ุฑูุฒ ูู ุฏุฑุฏ ูุฏุงุฑู ู ุฎููุฑุฒ ูู ูุฏุฏู ูุดฺฉู ุฏุงุฑู ุฏุฑ ฺฉู ุง ูู,view comment,0,ุงุฎุชูุงู ุฏุฑ ุฒูุฏฺฏ,ุงุถุทุฑุงุจ,1,0,1,,
4,,parriisaa25,06/01/22 16:41:35,0,ูุฒูู ุนูู ฺูุฏุฑู,view comment,1,ูุฒูู,ุฎูุซ,0,0,1,,
5,,parriisaa25,06/01/22 16:42:25,0,@tajrobe.amal.bini ูู ุงูุญุฑุงู ุฏุงุฑู ู ูุฎูุงู ุนูู ฺฉููุ ูู ุงุฒ ุจููุด ูุชุฑุณูุ ุฑุงุณุชู ูฺฏู ุงูฺฉุงู ูุฑฺฏโูุณุชุ,view comment,1,ุจููุด,ุงุถุทุฑุงุจ,0,0,1,,
7,,tajrobe.amal.bini,06/01/22 20:30:18,0,@nasim.7974 ุจุง ุฏูุงู ููุณ ุจฺฉุดุฏ ุฑุงู ุฏฺฏู ุง ูู ูุณุช,view comment,0,ุชููุณ,ุฎูุซ,0,0,0,,
8,,tajrobe.amal.bini,06/01/22 20:30:43,0,@__sajad.k.p1992 ุนุฒุฒู ุฎู ฺฉุงุฑ ุณูฺฏู ูฺฉูุฏ ูู ุฏุฑ ุญุฏ ูุนููู ูุดฺฉู ูุฏุงุฑู,view comment,1,ุงุฎุชูุงู ุฏุฑ ุฒูุฏฺฏ,ูุซุจุช,0,0,0,,
9,,tajrobe.amal.bini,06/01/22 20:30:50,0,@parriisaa25 ุจุงุฏ ุงุฒ ูพุฒุดฺฉ ููุฑุฏ ูุธุฑุชูู ุจูพุฑุณุฏ,view comment,0,0,ุฎูุซ,0,ุงุฑุฌุงุน ุจู ูพุฒุดฺฉ,0,,
11,,nasim.7974,06/01/22 20:35:20,0,@tajrobe.amal.bini ูุดฺฉู ูุณุช ูู ุญุงู ุฎูฺฏ ฺฉ ููุฏู ุจู ุงุฏู ุฎุทุฑูุงฺฉ ูุณุชุ ูุซูุง ุจููู ุจุง ุฏุณุช ฺฏุฑูุชู ุจุง ุฏูู ููุณ ฺฉุดุฏู ุฑุงุญุช ุจูุฏ ุฏุฑุณุชู ุงููุฌูุฑุ,view comment,1,ุชููุณ,ุงุถุทุฑุงุจ,0,0,1,,
12,,mahsa_86b,06/01/22 21:07:19,0,@banoye_aryayi11 ุฏููุง๐,view comment,1,0,ุฎูุซ,0,0,0,,
14,,579.raman,06/01/22 22:09:05,0,ุขุฎู ุงฺฏู ุจู ุญุงู ุฎูุฏุด ุจุฒุงุฑูุ ุจุงูุฑ ฺฉูู ุงูู ุจุงูุง ุชุฑุดุญุงุช ุชุฑูุฒ ูู ฺฉูู ู ูุดูฺฏุ ูุงุฏ ูพุงู๐๐ุงูู ูููุน ูพุณ ฺฺฉุงุฑุ ูุงูุนุง ฺุงุฑู ุง ุฌุฒ ุฎุดฺฉ ฺฉุฑุฏู ุงูู ุชุฑุดุญุงุช ูุฏุงุฑูุ ุฑุงุณุชุด ุฏฺฉุชุฑู ฺฏูุชู ฺฏูุด ูพุงฺฉ ฺฉู ููุฑุฏ ูุฏุงุฑูุ ูู ูู ุงููุฏ ฺฉู ุญุฑู ุดูุงุฑู ูุจูู ุฏุงุฑู ุงูุงู ุฏูุฏูู๐,view comment,0,ุขุจุฑุฒุด,ุชุฑุฏุฏ,0,0,1,,
15,,sanazyousefi62,07/01/22 08:24:44,0,ุนูุช ูุจุถ ุฒุฏู ููฺฉ ุจู ุจุงุจุช ฺูุ ู ููุชุง ุงุญุณุงุณ ูฺฉูู ฺฉู ูุฒูู ุฑู ููฺฉ ุจูู ูุณุช.ฺฉูุงู ุฌุฑุงุญ ฺฉุฑุฏู,view comment,0,ูุดุงุฑ ุจู,ุฎูุซ,1,0,1,,
16,,mh19sa,07/01/22 11:28:18,0,@yasaman.t98 ูู ฑท ุฑูุฒู ุนูู ฺฉุฑุฏู ูู ุญุณ ูฺฉูู ุฎู ูพุดูููู ๐,view comment,0,ูุฑู ุจู,ูพุดูุงู,1,0,0,,
18,,mh19sa,07/01/22 11:31:28,0,@76sarafathi ููุฏููู ุญุณ ูฺฉูู ูุดูฺฏ ูุดุฏู ุจูู ููุงุฏ,view comment,0,ูุฑู ุจู,ูพุดูุงู,0,0,0,,
19,,yasaman.t98,07/01/22 12:40:00,0,@mh19sa ฺุฑุง ุนุฒุฒูุุ 17 ุฑูุฒ ูุงุณู ูุถุงูุช ุฎู ุฒูุฏูุ ุงูุดุงุงููู ู ุจู ุฎูุดฺฏู ููููุฌูุฑ ฺฉ ุฏูุณุช ุฏุงุฑ ูุดู,view comment,0,ูุฑู ุจู,ูุซุจุช,0,0,0,,
20,,mh19sa,07/01/22 12:41:12,0,@yasaman.t98 ููุฏููู ุญุณ ูฺฉูู ุจูู ููุงุฏ,view comment,0,ูุฑู ุจู,ูพุดูุงู,0,0,0,,
21,,yasaman.t98,07/01/22 12:42:04,0,@mh19sa ูฺฏุฑุงู ูุจุงุดุ ุงูุงู ูพุฑ ูุฑู ู ุงูุชูุงุจูุ,view comment,0,ุชูุฑู,ูุซุจุช,0,0,0,,
22,,mh19sa,07/01/22 12:42:25,0,@yasaman.t98 ูู ฺฉูุง ฺูุฑู ุนูุถ ุดุฏู๐,view comment,1,ุฑุถุงุช,ูุซุจุช,0,0,0,,
24,,_the.mes,07/01/22 12:59:22,0,ุณูุงู ูู ุชูุฑุจุง ฺฉ ุณุงูู ฺฉู ุจููู ุนูู ฺฉุฑุฏู ู ุฏุงุฎู ุจูู ุจุฎู ูุณุช ุงููู ุจุงุฏ ุจุฑู ุจฺฉุดูุ,view comment,0,ุจุฎู,ุฎูุซ,12,0,1,,
25,,arbar_ฐฐฐ,07/01/22 16:37:58,0,@76sarafathi ูู ุงุตูุง ููุท ุณู ุฑูุฒ ุชููุณ ุณุฎุชู. ุจูู ุด ุงุตูุง ูุดฺฉู ูุฏุงุฑู. ุงฺฏุฑ ุจู ุช ุฑู ุฏูุณุช ูุฏุงุฑ ููู ุงูุงู ุนูู ฺฉู. ูู 20 ุณุงู ุขุฑุฒู ุฒุจุงุชุฑ ุดุฏู ุฏุงุดุชู ุญุงูุง ุนูู ฺฉุฑุฏู... ูุฑ ฺูุฏุฑ ุจุฏ ุนูู  ุจุดู ุงุฒ ุงููุด ุจูุชุฑ ูุดู๐,view comment,0,ุฑุถุงุช,ูุซุจุช,0,0,0,,
26,,arbar_000,07/01/22 16:39:00,0,ุจุฎุดุฏ ูุชูุณ ุจุนุฏ ุงุฒ 6 ูุงู ูุดฺฉู ูุฏุงุฑูุุ,view comment,0,ูุฑุฒุด,ุฎูุซ,6,0,1,,
28,,tajrobe.amal.bini,07/01/22 19:41:55,0,@579.raman ุนุฒุฒู ุจุนุฏ ฺฉูุงู ูู ฺฉูุฏ ูู ฺฉูุด ูพุงฺฉ ุชุง ูุชููุฏ ุงุณุชูุงุฏู ูฺฉูุฏ,view comment,0,ุชููุณ,ุฎูุซ,1,0,0,,
29,,tajrobe.amal.bini,07/01/22 19:42:16,0,@sanazyousefi62 ุนุฒุฒู ุจุญุณ ุฏุงุฑู ุงุฒุจู ูุฑู,view comment,0,ูุดุงุฑ ุจู,ูุซุจุช,0,0,0,,
30,,tajrobe.amal.bini,07/01/22 19:42:30,0,@_the.mes ุนุฒุฒู ุจูู ุจู ูพุฒุดฺฉ ุงุทูุงุน ุจุฏุฏ,view comment,0,0,ุฎูุซ,0,ุงุฑุฌุงุน ุจู ูพุฒุดฺฉ,0,,
31,,tajrobe.amal.bini,07/01/22 19:42:30,0,@arbar_000 ูู ุนุฒุฒู,view comment,,,,,,,,
32,,arbar_000,07/01/22 20:01:56,0,@tajrobe.amal.bini ุขุฎู ุญุฑฺฉุช ูพูุงูฺฉ ุฎู ุจูู ูุดุงุฑ ูุงุฑู๐ข. ููุฌุจ ูุฑู ููุดู,view comment,0,ูุฑุฒุด,ููู,0,0,1,,
33,,shiiimad,07/01/22 21:12:30,0,@tajrobe.amal.bini ุชุง ฺฉ ุงูุทูุฑู๐,view comment,0,0,ููู,0,0,1,,
34,,sahar15206,07/01/22 21:16:11,0,ุณูุงู ฺฏูู ู ุฎุณุชู ูุจุงุดุฏ ุชุง ฺูุฏ ููุช ุจุนุฏ ุนูู ุจู ูุชูุงู ูฺฉุฑู ุงุจุฑู ุงูุฌุงู ุฏุงุฏ ู ุชุฒุฑู ฺู ุงูุฌุงู ุฏุงุฏ ูุทูุง ุฌูุงุจ ุจุฏู ุุุุุุ,view comment,1,ุฒุจุง,ุฎูุซ,0,0,1,,
35,,579.raman,07/01/22 22:24:38,0,ุจุจุฎุดุฏ ููพุฑุณู ุฏูู ุงุตูุด ฺูุุุ๐๐,view comment,1,0,ุฎูุซ,0,0,1,,
36,,iamphatll,08/01/22 09:55:51,0,ุจุฑุง ุฎูุฏู ู ุฎูุงุฒู ฺูุฏ ุฑูุฒ ุจุงุฏ ุฑุนุงุช ฺฉูู ู ุจุงุดุตุช ููพุงุฑู ุจฺฏุฑูุ,view comment,0,ุฎูุฏู,ุฎูุซ,0,0,1,,
37,,mah_9831,08/01/22 10:38:35,0,@tajrobe.amal.bini ุจุฑุง ูู ฺฉู ูฺ ูุดฺฉู ุชููุณ ูุฏุงุฑู ูุตุฑูุง ููุท ุจุฎุงุทุฑ ุธุงูุฑุด ฺฉู ุจุงุฒู ุฎูุจู ูุฎุงู ุฎูุจุชุฑ ุดู ูุชููู ุฎุทุฑ ุงู ุฑุณฺฉ ุฑู ูพุฐุฑูุช,view comment,1,ุฑุณฺฉ,ุงุถุทุฑุงุจ,0,0,1,,
38,,irani.212,08/01/22 11:07:20,0,ถูุงูู ุนูู ฺฉุฑุฏู ุงูุฒู ุจุฒูู ุง ฺฉูุฑุชูู ุจูุธุฑุชูู ฺฉุฏูู ุจูุชุฑู ุนูุงุฑุถุด ฺฉูุชุฑู,view comment,0,ุฏุงุฑู,ุงุถุทุฑุงุจ,6,ุณูุงู ูพุฒุดฺฉ,1,,
39,,hanajoon369,08/01/22 12:11:05,0,"@tajrobe.amal.bini ูุฎ ุจุฎู ฺฉู ุฎูุฏุด ููุชู ุงูฺฉุงู ูุฏุงุฑู ุจุง ุฐุณุชูุงู ุงุฒ ุฌุงุด ฺฉูุฏู ุจุดู
ูู ุจุฎู ุฏุงุฎู ุจูู ุฎูุฏุด ุงูุชุงุฏ ู ฺฉูฺููู ุฎูู ุฑุฒ ุฏุงุดุช",view comment,0,ุจุฎู,ุฎูุซ,0,0,0,,
40,,hanajoon369,08/01/22 12:12:16,0,@kimi.mirzaei ุดุงุฏ ูุฎุชู ุฎูู ูุง ุจุงุดู ฺฉู ูููุฏู ุงุฒ ูุจู ุจุง ุดุณุชุดู ูุงุฏ ุจุฑูู,view comment,0,ูุฎุชู ุฎูู,ุฎูุซ,0,0,0,,
41,,hanajoon369,08/01/22 12:17:02,0,@tajrobe.amal.bini ูู ูโูุน ุดุณุชุดู ฺฉู ุจุง ุฏุณุชูุงู ุฏุงุฎู ุจู ุฑู ุชูุฒ ูฺฉูู ุจุนุถ ูููุน ูุง ู ุณุฑ ุณูุฒู ุฎูู ูุจูู ุนู ูุดฺฉู ูพุด ุงโููุฏูุ,view comment,0,ูุฎุชู ุฎูู,ุงุถุทุฑุงุจ,0,0,1,,
42,,samen_maleki,08/01/22 17:30:34,0,ุณูุงู ุจุจุฎุดู  ูู ุฏู ูุงู  ุนูู ฺฉุฑุฏู  ฺฉ ูุงู ูุฑุต ฺุฑฺฏ ุฎูุฑุฏู  ูุญุงูุงฺุน ุจุนุฏู ุฏููุงู  ุจุงุฒู ุจุงุฏ ูุฑุต ุงุณุชูุงุฏู ุจฺฉูู  ููููู ูุดู ุฌูุงุจ ุจุฏ,view comment,0,ุฏุงุฑู,ุฎูุซ,2,ุณูุงู ูพุฒุดฺฉ,1,,
44,,fishisdrowning_,08/01/22 21:05:00,0,ุฎุจ ูู ููู ุงูุงุฑู ุงูุฌุงู ุฏุงุฏู ู ุฑุนุงุช ูฺฉุฑุฏู ูู  ุฏุฑ ุตุญุช ุณูุงูุชู ุงุชูุงู ููุชุงุฏ ุจุฑุงู ู ุงูฺฉู ุฏฺฉุชุฑ ูู ฺฏู ุจุง ฺฏูุด ูพุงฺฉ ฺฉู ุจููู ุชูุฒ ฺฉูู ๐ถ๐ฟโโ๏ธ,view comment,0,0,ูุซุจุช,0,0,0,,
45,,ghazaleh_rbi,08/01/22 21:05:42,0,ุณูุงู ุฎุณุชู ูุจุงุดุฏ ูู ุงูุงู ฑธุฑูุฒู ฺฉู ุนูู ฺฉุฑุฏู ูู ุฏุงุฎู ุจูู ูฺ ููุน ุจุฎู ุง ูุณุช ุญุช ุฏฺฉุชุฑูู ุงุทูุงุน ุฑุงุฌุจ ุงู ููุถูุน ูุฏุงุฏ ุจูู ููุท ฺฏูุช ุณูุช ฺูพ ุจูู ุฏุงุฎู ู ุฏููู ุจุฎู ูุณุช ฺฉู ุจูุด ุฏุณุช ูุฒูู ุฎูุฏุด ูููุชู ฺฉู ุงูุชุงุฏ ุงูุงู ุงู ุจุฎู ูุฏุงุดุชู ฺฉู ูุดฺฉูู ุจุงุฏ ุจุฑู ุฏฺฉุชุฑุุ,view comment,0,ุจุฎู,ุงุถุทุฑุงุจ,1,0,1,,
46,,roqayyeeh,09/01/22 19:44:14,0,ุณูุงู ุูพุณ ุฎูุฏุฏู ูุญุฑู ุฒุฏู ููุท ุฑู ุจุฎู ูุง ุชุงุซุฑ ุฏุงุฑู ููุฑู ุจู ุฑุงุฎุฑุงุจ ููฺฉููุ,view comment,0,ูุฑู ุจู,ุงุถุทุฑุงุจ,0,0,1,,
47,,zeinabran078,10/01/22 05:08:32,0,ุฎู ุณุฎุชู ูู ูุชุฑุณู ุนูู ฺฉูู๐ข,view comment,1,ุชุฑุณ ุนูู,ุงุถุทุฑุงุจ,0,0,0,,
48,,mahdiyeh_aryan99,10/01/22 21:51:18,0,@tajrobe.amal.bini ุนุฒุฒู ุจุฎู ุฑู ฺฉุดุฏู ุฒุฌุฑ ุนุธู ุจูุฏ ุงูฺฏุงุฑ ฺฏูุดุชูู ูฺุฏ ุชูุงู ุจุฎู ูุง ุฎูู ุงูุชุงุฏ ุงู ุนู ููุช ฺฉุดุฏูุด ูุจูุฏู ฺูู ุจุฎู ุณุฒุงุฑู ุจู ุงูู ุจุฒุฑฺฏ ููุท ููููฺฉ ุฏุงุดุช๐ข,view comment,0,ุจุฎู,ูพุดูุงู,0,0,0,,
49,,mahdiyeh_aryan99,10/01/22 21:53:05,0,@76sarafathi ุงููุด ุงุฑู ุฏุฑูุบ ฺุฑุง ูู ุจู ุงูู ุจู ุฒุดุชู ฺฏูุดุช ุฑุงุถ ุดุฏู ุงูุง ฺฉู ฺฉู ุฏุงุฑู ุจูุด ุนุงุฏุช ูฺฉูู ุงุฒ ุงู ูพุฌู ฺฉูฺฉ ฺฏุฑูุชู ุฎู ฺฉู ูุนูุง ูุถุงูุช ูฺฉูู,view comment,0,ูุฑู ุจู,ูพุดูุงู,0,0,0,,
50,,mahdiyeh_aryan99,10/01/22 21:55:11,0,@hanieh.rezazadeh76 ูู ุจุฑููุง ุฑู ฺฉุดุฏู ุงูุง ุฏูุฑ ูพุฑู ูุง ุฏุงุฎู ู ฺุฒุง ุณูุช ูุฏุฑุฏูุงฺฉ ูููุน ูุงุณุงฺ ุญุณ ูฺฉูู ุงููุง ุฌุฐุจู,view comment,0,ุจุฎู,ุงุถุทุฑุงุจ,0,0,1,,
51,,mahdiyeh_aryan99,10/01/22 21:55:45,0,@banokurd_1991 ูุงุณู ูู ูู ุฑูุฒู ุนูู ฺฉุฑุฏู ุฑู ูพุฑู ูุง ฺฉูุง ูุญู ุดุฏ,view comment,0,ุจุฎู,ูุซุจุช,1,0,0,,
52,,mehrsa8190,12/01/22 09:00:35,0,ูฺฏู ูฺฏูุชู ุจูุฏู ุจุง ุงูฺฏุดุช ุดุณุช ู ุงุดุงุฑู ูพุฑู ูุง ุฑู ุจฺฏุฑู ูพุณ ฺุฑุง ุงูุฌุง ูฺฏู ุฏู ุทุฑู ููพ,view comment,0,ุจุฎู,ุฎูุซ,0,0,1,,
53,,bojkkkjjj,12/01/22 15:54:05,0,ุจุฎุดุฏ ุงูุงู ณถ ุฑูุฒู ุจุณุชู ุฎูุฑุฏู ุงุดฺฉุงู ุฏุงุฑูุุุ,view comment,0,ุงุฎุชูุงู ุฏุฑ ุฒูุฏฺฏ,ุฎูุซ,1,0,1,,
54,,tajrobe.amal.bini,12/01/22 21:13:27,0,@iamphatll ุชุง ุฏููุงู,view comment,0,0,ุฎูุซ,2,0,0,,
55,,tajrobe.amal.bini,12/01/22 21:13:27,0,@sahar15206 ุนุฒุฒู ุฑุงุฌุจ ููุดูู ุชู ูพุฌ ูพุณุช ุฏุงุฑู,view comment,0,0,ุฎูุซ,0,0,0,,
56,,tajrobe.amal.bini,12/01/22 21:13:45,0,@irani.212 ุงูุงุฑู ูพุฒุดฺฉ ุจุงุฏ ุชุฌูุฒ ฺฉูู ู ูุธุฑ ุจุฏู ุฑุงุฌุจุด,view comment,0,0,ุฎูุซ,0,ุงุฑุฌุงุน ุจู ูพุฒุดฺฉ,0,,
58,,tajrobe.amal.bini,12/01/22 21:16:47,0,@ghazaleh_rbi ุดูุง ููุจูุฏ ู ุญุณ ููฺฉูุฏ ูฺฏุฑูู ูุณุช ุนุฒุฒู,view comment,0,0,ุฎูุซ,0,0,0,,
59,,tajrobe.amal.bini,12/01/22 21:17:06,0,@roqayyeeh ฺุฑุง ฺฏูู ุฎูุฏุฏู ุฑู ูุฑู ุจู ูู ุชุงุซุฑ ุฒุงุฏ ูโุฐุงุฑู,view comment,,ุฎูุฏู,ุฎูุซ,0,0,0,,
60,,tajrobe.amal.bini,12/01/22 21:17:24,0,@zeinabran078 ุงูููู ูุทูุจ ฺฏุฐุงุดุชู ุจุฑุงุชูู ุนุฒุฒู ฺฉู ุชุฑุณุชูู ฺฉู ุดู,view comment,1,ุชุฑุณ ุนูู,ูุซุจุช,0,0,0,,
61,,tajrobe.amal.bini,12/01/22 21:17:50,0,@mehrsa8190 ุนุฒุฒู ูุง ููุดู ฺฏูุชู ุฏู ุทุฑู ููพ ฺฉ ฺฏูุชู ูพุฑู ูุง ุจู ู ุจฺฏุฑุฏ,view comment,0,0,ููู,0,0,0,,
62,,tajrobe.amal.bini,12/01/22 21:17:57,0,@fatemehfaramarzi715 ูู ุนุฒุฒู ูุดฺฉู ูุฏุงุฑู,view comment,0,0,ุฎูุซ,0,0,0,,
63,,mehrsa8190,13/01/22 04:16:21,0,@tajrobe.amal.bini ุชู ูพุณุช ฺฉู ุจุฑุง ุนุทุณู ู ุฎูุงุฒู ุงุณ ฺฏูุชู ูพุฑู ูุง ุจู ุฑู ุจฺฏุฑู ุงูุงู ูฺฏู ูุง ฺฉ ฺฏูุชู ูู ุฏููู ุจู ุฏููู ูพุณุชูุง ุฑู ุฏุฏู,view comment,0,ุฎูุงุฒู,ููู,0,0,1,,
64,,bojkkkjjj,13/01/22 06:05:43,0,@tajrobe.amal.bini ุจุนุฏ ุฎูุงุณุชู ุจฺฏู ูุฑุต ูุนุฏู ุจุฎูุฑู ุงุดฺฉุงู ุฏุงุฑู  ุงุฎู ุฏุฑุฏ ูุนุฏู  ุฏุงุฑู ุง ูุฑุต ุนูููุช ูุชุฑ ูุฒูู,view comment,0,ุฏุงุฑู,ุชุฑุฏุฏ,0,ุณูุงู ูพุฒุดฺฉ,1,,
65,,bojkkkjjj,13/01/22 06:07:34,0,@tajrobe.amal.bini ุงูุงู ณถ ุฑูุฒู ุนู ุณุฑ ุชุง ฺฉู ุจุงุฏ ุจุงูุง ุจุงุดู,view comment,0,ุงุฎุชูุงู ุฏุฑ ุฒูุฏฺฏ,ุฎูุซ,1,0,0,,ู ููุถูุน ููู ฺฉู ุงูุฑุงุฏ ุจุฑุงุดูู ูููู ุจุญุซ ฺฉ ู ุฒูุงูุ!
66,,bojkkkjjj,13/01/22 08:06:11,0,ุจุนุฏ ุฏฺฉุชุฑ ุจูู ฺฏูุช ฺุณุจ ุงุฒ ุจุงูุง ุจุงุฏ ุจฺฏุฑู,view comment,0,ฺุณุจ,ุฎูุซ,0,0,0,,
67,,llpvnnll,13/01/22 09:18:18,0, ูุงู ุจุนุฏ ุนูู ุจู ุดุฑุงุจ ูุดู ุฎูุฑุฏ ุ,view comment,0,ุงุฎุชูุงู ุฏุฑ ุฒูุฏฺฏ,ุฎูุซ,1,0,1,,
68,,roqayyeeh,13/01/22 17:52:32,0,@tajrobe.amal.bini ูพุณ ฺู ูุฏุช ุจุนุฏุงุฒ ุนูู ุจู ูุดู ุฎูุฏุฏุ,view comment,0,ุฎูุฏู,ุงุถุทุฑุงุจ,0,0,1,,
69,,bojkkkjjj,13/01/22 21:25:04,0,@tajrobe.amal.bini ุจุนุฏ ฺฉ ูุงู ุบุฐุง ฺ ุจุงุฏ ุจุฎูุฑู ููุง  ฺ ูุชููู ุจุฎูู ุณุณ ูุดู ุจุฎูุฑู,view comment,0,ุงุฎุชูุงู ุฏุฑ ุฒูุฏฺฏ,ุงุถุทุฑุงุจ,1,0,1,,
71,,cafefall_benii,14/01/22 20:50:43,0,ูู ุจูู ุดุจุง ุจุง ฺฏูุด ูพุงฺฉ ฺฉู ฺุฑุจ ูฺฉูู,view comment,0,ุชููุณ,ุฎูุซ,0,0,0,,
72,,cafefall_benii,14/01/22 20:51:42,0,ุงูุงู ุฏุณุช ุฒุฏู ุจุจ ุจูู ูุณูุช ูพุงู ููฺฉ ุจูุจู ุงุฒ ุฏุงุฎู ูฺฉ ฺฉุฑุฏู ุฎููุงุจู ฺฉูุฏูุด ฺฉู ฺฉ ุงููุฏ ูุฑ ุฑูุชู ูุดุงุฑู ุงูุชุงุฏ ฺฉูุฏู ูุดุฏ ุงูู ฺ ุจูุฏ ูู ูุณุช ุฒุฏู ุชูุฑูุฎุฏุง ุฑุงูููุงู ฺฉูู ุงูุงูู ฺฉู ูุณูุฒู,view comment,0,ูุฎุชู ุฎูู,ุงุถุทุฑุงุจ,0,0,1,,
73,,tara343122,15/01/22 09:12:58,0,ุณูุงู ุนุฒุฒู ุดูุง ุงูุฏ ุฒุญูุช ูฺฉุดุฏ ูุทูุงู ุฏุฑุจุงุฑู ุถุฑุจู ุฎูุฑุฏู ุจู ุจุนุฏ ุนูู ูู ุชูุถุญ ุจุฏู,view comment,0,ุถุฑุจู,ุฎูุซ,0,0,1,,
74,,_shiva.ei_,15/01/22 14:12:14,0,ฺูุฏ ููุช ุจุนุฏ ุงุฒ ุนูู ุจู ูุชููู ฺฉูุงุณ ุณูุชูุฑูู ุจุฑูุ,view comment,0,ุงุฎุชูุงู ุฏุฑ ุฒูุฏฺฏ,ุฎูุซ,0,0,1,,
76,,mahdieh_z81,18/01/22 12:48:38,0,@melik8111 ูู ุฏฺฉุชุฑู ฺฏู ฺุฑุจ ฺฉู ฺฏูุดุช ูพุงฺฉ ฺฉูู ูุดฺฉู ูุฏุงุฑู,view comment,0,0,ุฎูุซ,0,0,0,,
77,,yeganeh.khanbabaei,18/01/22 15:00:10,0,ุงูุชุง ุฌูู ูู ุจุนุฏ ุฏูุฒ ุฏููโูโุณูู ููุด ุนุทุณู ูฺฉูู  ููุฏููู ุฏููุง ฺุทูุฑ ุฌููุดู ุจฺฏุฑู ูุชุฑุณู ุจุนุฏ ุนูู ุนุทุณู ฺฉูู ู ุจุฎุชู ูุงู ุฎููโุฑุฒ ฺฉูู ๐ฅฒ,view comment,0,ุจุฎู,ุงุถุทุฑุงุจ,0,ูุงฺฉุณู ฺฉุฑููุง,1,,
78,,mmoradi6464,18/01/22 18:04:57,0,ูู ุณฺฏู ุญุฏูุฏธ ฺฉูู ุงูุงู ดฐ ุฑูุฒู ุนูู ฺฉุฑุฏู ูู ูุฑ ููุช ุจุฑูู ุจุฑู ุชุง ูพุง ูุงุดู ุจุงุฏ ุจุบูุด ฺฉูู ุนู ุฑูุฒ ฒ ุง ณ ุจุงุฑ ุขุง ุงุดฺฉุงู ุฏุงุฑู ูุทูุง ุจฺฏุฏ ุุุ,view comment,0,ุงุฎุชูุงู ุฏุฑ ุฒูุฏฺฏ,ุฎูุซ,0,0,1,,
79,,elham.azhgan,21/01/22 05:45:58,0,ูู ู ุฏุฎุชุฑ ฺฉุณุงู ููู ุฏุงุฑู ููุด ุจุบูู.ุนูู ูฺฉูู ุง ุนุจ ูุฏุงุฑู,view comment,0,ุงุฎุชูุงู ุฏุฑ ุฒูุฏฺฏ,ุฎูุซ,0,0,1,,
80,,zohreh_.aghili,21/01/22 10:30:25,0,ุณูุงู ุญุฏูุฏ ฺฉ ูุงู ุนูู ฺฉุฑุฏู ุงุญุณุงุณ ุจุฏ ุฏุงุฑู ุงูฺฏุงุฑ ุจูู ฺฉุฌู๐ข,view comment,0,ูุฑู ุจู,ูพุดูุงู,1,0,1,,
81,,mobina.janalizadeh.80,21/01/22 12:51:02,0,ุณูุงู ุนุฒุฒู ูู น ุฑูุฒู ฺฉู ุจููู ุนูู ฺฉุฑุฏู ุงุฒ ุงูุฑูุฒ ุฏุงุฎู ุจูู ุณูุช ฺูพ ุฎู ูุณูุฒู ูุงุณู ุฏุฑุฏ ูโฺฉูู ุทุจุนูุ,view comment,0,ุจุฎู,ุงุถุทุฑุงุจ,1,0,1,,
82,,nezamabad.nail,21/01/22 17:51:52,0,ุจุจุฎุดุฏ ุนุฒุฒู.ูู ุจุนุฏุงุฒุนูู ููุช ุจ ฺฉุทุฑู ุจูู ุฏุณุช ูุฒูู ฺฉ ุงุฒุฏูุฏููุงู ุชุฑูฺฉุดู ฺุฑุงุงูุฌูุฑ ุดุฏูุ,view comment,0,ุงุฎุชูุงู ุฏุฑ ุฒูุฏฺฏ,ุงุถุทุฑุงุจ,0,0,1,,
83,,fereshte.shahin9,21/01/22 22:01:06,0,@mis_fatma1995 ูุดฺฏู ุจุฑุงุชูู ูพุด ูููุฏุุ,view comment,1,0,ุฎูุซ,0,0,1,,
84,,fereshte.shahin9,21/01/22 22:03:28,0,@pariamoradi_1998 ุณูุงู ุจูุชูู ุฏุฑุณุช ุดุฏุ,view comment,0,0,ุฎูุซ,0,0,1,,
85,,pariamoradi_1998,22/01/22 06:53:31,0,@fereshte.shahin9 ุจูุชุฑู ูู ฺฉุงูู ุฎูุจ ูุดุฏู .ูููุฒู ุจุงูุง ูโูพุงูู,view comment,0,ูุฑู ุจู,ุฎูุซ,0,0,0,,
86,,fereshte.shahin9,22/01/22 14:25:28,0,@pariamoradi_1998 ฺูุฏููุชู ุนูู ฺฉุฑุฏู,view comment,1,0,ุฎูุซ,0,0,1,,
89,,ftm._._,23/01/22 19:32:17,0,@tajrobe.amal.bini ููู ููุฒ ุฏุงุฑู ูู ูุชุฑุณู ุถุฑุจู  ุจูุด ุจุฎูุฑู ุง ููุฏููู ...,view comment,1,ุถุฑุจู,ุงุถุทุฑุงุจ,0,0,1,,
90,,76sarafathi,23/01/22 19:35:30,0,@ftm._._ ุนุฒุฒู ุงฺฏ ููุฒ ฺูุฏุงู ูุณ ูฺฉู ุจุฎุฏุง ุงุฑุฒุด ูุฏุงุฑู ุงูุงููุด ุญุฑูู ฺฉ ุจ ุนูุงุฑุถู ุง ุจุฑ ุงูฺฏุงุฑ ู ุงูฺฏุงุฑ ูู ฺฉูุงููุตุฑู ุดุฏู ุงฺฏ ุนูู ุฌูุฑ ุจูุฏ ฺฉ ุชุถูู ุดู ูฺููุช ุจ ุนูู ุชุฑูู ูุฑุณู ุงุฑุฒุด ุฏุงุด ุงูุง ูฺ ุชุถูู ูุณ ฺฉ ุชุฑูู.ุด ุง ู ูุงูุง ุฎูุงูุฑู ุจุนุฏ  ูุงู ูููุฒ ุฏุฑฺฏุฑุนูุงุฑุถุดู,view comment,0,ุงุฎุชูุงู ุฏุฑ ุฒูุฏฺฏ,ูพุดูุงู,0,0,0,,
91,,ftm._._,23/01/22 19:38:37,0,@76sarafathi ุดูุง ฺฉู ุนูู ฺฉุฑุฏู ูุดู ุจูู ุงุฒ ุนูุงุฑุถ ฺฉู ุฏุงุฑู ุง ูุดฺฉูุงุชูู ุจูู ุจฺฏู ๐,view comment,1,ุงุฎุชูุงู ุฏุฑ ุฒูุฏฺฏ,ุงุถุทุฑุงุจ,0,0,1,,
92,,76sarafathi,23/01/22 19:40:11,0,@ftm._._ ุนุฒุฒู ูู ุนูู ูฺฉุฑุฏู ููฺฉููู ุฎูุงูุฑู ุนูู ฺฉุฑุฏ ุจุนุฏ ุจููุด ุงููุฏู ุฏุฑุฏ ุดุฏุฏ ุจุงูุงุงูุฑุฏู ุฎูู ุงูุงูู ุงูุช ูุดุงุฑ ุฏุงุฑู ุชุงุฑ ุฏุฏ ุฏุงุฑู ุณุฑุฏุฑุฏ ูฺฏู ุชุงุฒู ุฏุฑุฏุณุฑุงู ุดุฑู ุดุฏู ูุงูุนุง ุณุฎุชู,view comment,1,ุชุฑุณ ุนูู,ุงุถุทุฑุงุจ,0,0,0,,
93,,ftm._._,23/01/22 19:41:10,0,@76sarafathi ุจู ุดูุง ุฎู ุชู ุนฺฉุณุชูู ูุดูฺฏู ๐,view comment,0,ูุฑู ุจู,ูุซุจุช,0,0,0,,
95,,ftm._._,23/01/22 19:43:18,0,@76sarafathi ุจู ูู ูู ุงุณุชุฎูุงู ฺฏูุฏู ุง ุฏุงุฑู ูู ฺฏูุดุชู ๐ขููุฏููู ฺฺฉุงุฑ ฺฉูู ูุงูุนุง,view comment,1,ูุฑู ุจู,ุงุถุทุฑุงุจ,0,0,1,,
96,,76sarafathi,23/01/22 19:46:04,0,@ftm._._ ุงฺฏ ูุงูุนุง ุฎู ุจุฏู ูุฏูู ูุงุฒ ุจ ุนูู ุฏุงุฑ ุจฺฏุฑุฏ ุจุฑุง ุฏฺฉุชุฑ ุฎูุจ ูุจุฑู ุงูุง ุจุฑุง ุงุฑุงุฏ ุฌุฒ ูฺููุช ุงู ฺฉุงุฑู ูฺฉู ููู ุงูู ุฎูุฏุช ุญุงูุช ุฎูุจ ุจุงุดู ุจุงฺูุฑุช,view comment,1,ูุฑู ุจู,ุฎูุซ,0,ุงุฑุฌุงุน ุจู ูพุฒุดฺฉ,0,,
97,,ftm._._,23/01/22 19:48:32,0,@76sarafathi ุฎู ููููู โค๏ธุญุชูู ุฏูุจุงู ุฏฺฉุชุฑ ุฎูุจ ูฺฏุฑุฏู ุชุง ููู  ุดุฑุงุท ุฑู ุจุฑุงู ุชูุถุญ ุจุฏู,view comment,1,0,ุฎูุซ,0,ุงุฑุฌุงุน ุจู ูพุฒุดฺฉ,1,,
,,niloufarmahabadi8,22/12/21 18:14:41,0,@atiw_1999 ูุงูุนุง ุจุนุฏ ธูุงู ูููุฒู ูุฑู ุฏุงุฑูุ,view comment,0,ุชูุฑู,ุฎูุซ,8,0,1,,
,,sam.h1981,27/12/21 18:42:05,0,ุฏุฑูุฏ ุจุฑ ุดูุง ู ุณูพุงุณ ุงุฒ ุงุทูุงุนุงุช ฺฏุฑุงูุจูุงุชููุ ุฌุณุงุฑุชุง ุจุฏูู ูุดฺฉูุงุช ุชููุณุฺฉูุชุฑ ุงุฒ ฒูุงู ูพุด ุนูู ุณูพุชูุฑุงูููพูุงุณุช ุจุฑูุด ุจุณุชู ุงูุฌุงู ุฏุงุฏู ฺฉู ูพุณ ุงุฒ ุงูโูุฏุชุ ููุฒ ุจู ุฏุฑ ุญุงู ุฒุงุฏ ุดุฏู ูุณุชุุถูู ุงูฺฉู ูุฎูุง ุจุฎู ุฏุงุฎู ุจู ุฏุฑุฏ ู ุณูุฒุด ุงุฌุงุฏ ูฺฉูู ู ฺฉู ุจุงูุงุชุฑ ุงุฒ ููฺฉ ุจูุ ฺฉุทุฑู ุจุฑุขูุฏฺฏ ุจุณุงุฑ ุณูุช ุฑุง ุญุณ ูฺฉูู ู ุทุฑู ุฏฺฏุฑ ูุฑูุฑูุชุก ฺฉู ุธุงูุฑ ููุงู ูุงููุฏุุงุฒ ุฑูุจุฑูุ ุจู ุจูู ุฏุงุฏู.ุจุง ุชูุถุญุงุช ุดูุง ุงุนุชูุงุฏ ุจููุณู ุจุณุงุฑ ุจุงูุง ุฑูุช ฺูู ุฏุฑ ุงู ููุงุฑุฏุูุฑุฏ ุจุดุฏุช ุชุญุช ูุดุงุฑ ูุธุฑ ุงุทุฑูุงู ูุณุช ฺฉู ุงููู ูุชุงุณูุงูู ุงุฒ ฺฏุฑูุชุงุฑูุง ูุฑููฺฏ ูุงุณุช.ูพุณ ูุฌุฏุฏุง ุถูู ุชุดฺฉุฑ ุงุฒ ุฒูุงูฺฉู ุจุฑุง ูุฎุงุทุจู ุตุฑู ูฺฉูุฏ ุจุง ฺฉ ุณูุงู ุจุฑุงุชูู ุขุฑุฒู ููููุช ูฺฉููุ ุงูฺฉู ุฏุฑ ุจุงุฒู ตฐ ุชุง ถฐ ุฑูุฒ ุงุฒ ุฌุฑุงุญ ุขุง ูุฑุฏ ูุงุฏุฑ ุจู ุงูุฌุงู ุงููุฑ ุฒุจุง ูุธุฑ ุจูุชุงฺฉุณ ู ุชุฒุฑู ฺู ุจุฑุง ูุซุงู ุฏุฑ ุงุทุฑุงู ฺุดู ุง ูพุดุงู ู ฺฏููู ูุณุช ุง ุฎุฑุ  ูพุงูุฏู ุจุงุดุฏ๐,view comment,0,ุฒุจุง,ูุซุจุช,2,0,1,,
,,tajrobe.amal.bini,27/12/21 19:37:38,0,@roghaye.molayari00 ุนุฒุฒู ุงุตูุงุญ ุจุง ุจูุฏ ุชุง ฺฉูุงู ูุจุงุฏ ุงูุฌุงู ุฏุงุฏ,view comment,0,ุฒุจุง,ุฎูุซ,0,0,0,,
,,tajrobe.amal.bini,27/12/21 19:37:54,0,@hadisfz ุจุงุฏ ุตุจูุฑ ุจุงุดุฏ ุงูุงู ูููุฒ ุจูุชูู ูุฑู ุฏุงุฑู,view comment,0,ุชูุฑู,ูุซุจุช,0,0,0,,
,,tajrobe.amal.bini,27/12/21 19:38:25,0,@ry.zahdi ุนุฒุฒู ุจุนุฏ ุงุฒ ฺฉูุงู ููุดู ุฑุงุฌุจ ุธุงูุฑ ุจู ูุธุฑ ุฏุงุฏ ุจูุฏ ุตุจูุฑ ุจุงุดุฏ,view comment,0,ูุฑู ุจู,ูุซุจุช,0,0,0,,
,,tajrobe.amal.bini,27/12/21 19:38:37,0,@mitra2355 ุชุง ุฏูููุชู ุฎููุงุจู ููฺฉูู ุจุงุดู,view comment,0,ูุฎุชู ุฎูู,ุฎูุซ,1,0,1,,
,,tajrobe.amal.bini,27/12/21 19:39:03,0,@sadafsdi00 ุนุฒุฒู ุทุจุนู ฺูู ุจู ุชุง ฺฉุณุงู ูุฑู ุฏุงุฑู ู ุงู ูุฑู ูุฏุงู ฺฉู ู ุฒุงุฏ ูุดู,view comment,0,ุชูุฑู,ูุซุจุช,12,0,0,,
,,tajrobe.amal.bini,27/12/21 19:39:24,0,@nila23442 ุนุฒุฒู ุงฺฏุฑ ูุดฺฉู ุจุงุดู ู ูพุฒุดฺฉ ูฺฏู ุจูุชุฑู ุงุฒ ุนูู ุตุฑู ูุธุฑ ฺฉูุฏ,view comment,1,ุชุฑุณ ุนูู,ุฎูุซ,0,ุงุฑุฌุงุน ุจู ูพุฒุดฺฉ,0,,
,,tajrobe.amal.bini,27/12/21 19:39:47,0,@leg_baragh ุนุฒุฒู ููฺฉ ุจู ุงุฎุฑู ุฌุงู ฺฉู ูุฑูุด ุงุฒุจู ูโุฑู ุชุง ฺฉุณุงู ุจุงุฒู ุชุบุฑ ูฺฉูู,view comment,0,ุชูุฑู,ุฎูุซ,12,0,0,,
,,tajrobe.amal.bini,27/12/21 19:39:58,0,@asal_i8 ุนุฒุฒู ุชุง ุฏููุงู ุชุงุซุฑ ุฏุงุฑู,view comment,0,0,ุฎูุซ,2,0,0,,
,,tajrobe.amal.bini,27/12/21 19:46:23,0,@shahrzad6457 ุจุงุฏ ฺุณุจ ู ููุท ุทุจู ุชูุตู ูพุฒุดฺฉุชูู ุจุฒูุฏ ูู ุจุดุชุฑ,view comment,0,ฺุณุจ,ุฎูุซ,0,ุงุฑุฌุงุน ุจู ูพุฒุดฺฉ,0,,
,,tajrobe.amal.bini,27/12/21 19:46:39,0,@_sara_ahmadi_26 ุนุฒุฒู ุงุญุชูุงู ุฎู ุฒุงุฏ ูุฑู ู ุงูุชูุงุจู,view comment,0,ุชูุฑู,ูุซุจุช,0,0,0,,
,,tajrobe.amal.bini,27/12/21 19:46:59,0,@__fafa_._._ ุนุฒุฒู ุฎู ุฑุงุฌุจ ุชุฑุณ ุงุฒ ุนูู ูพุณุช ู ูุทูุจ ุฏุงุฑู,view comment,1,ุชุฑุณ ุนูู,ุฎูุซ,0,0,0,,
,,tajrobe.amal.bini,27/12/21 19:50:01,0,@parisaa_ashrafi ุนุฒุฒู ุชุง ุดุด ูุงู ุงุตูุง ููุดู ุฑุงุฌุจ ุธุงูุฑ ุจู ูุธุฑ ุฏุงุฏ,view comment,0,ูุฑู ุจู,ุฎูุซ,6,0,0,,
,,__fafa_._._,27/12/21 19:50:09,0,@tajrobe.amal.bini ุนู ุจููุด ูุงูุ ๐ขููู ุชุฑู ุชุฑุณุด ูููู ุจูุด ุฏุฑุณุช ูุดู,view comment,1,ุจููุด,ุงุถุทุฑุงุจ,0,0,1,,
,,tajrobe.amal.bini,27/12/21 19:50:28,0,@f.rostamy65 ุนุฒุฒู ุชุบุฑ ูโฺฉูู ุงูุงู ุฏูุงุฑ ูุฑูู ฺฉู ุตูุฑุชุชูู,view comment,0,ุชูุฑู,ูุซุจุช,0,0,0,,
,,tajrobe.amal.bini,27/12/21 19:50:44,0,@2517whyd ุจุนุฏ ุงุฒุดุด ูุงู,view comment,0,0,ุฎูุซ,6,0,0,,
,,mitra2355,27/12/21 20:27:39,0,ูู ถ ุฑูุฒู ุนูู ฺฉุฑุฏู ุจูู ฺฏูุดุช ุจูุฏ ุชุงููพูู ู ณ ุฑูุฒู ฺฉ ฺฉุดุจุฏู ุงูุง ููฺูุงู ุจูู ฺฉูพู ููุช ุดุณุช ู ุดู ูุฏู ุงุจ ูุฑู ุชู ุญููู ู ฺฏุงู ุจุฑูฺฏุฑุฏู ุงูุง ููุณ ููุชููู ุงุฒ ุจู ุจฺฉุดู ฺฉูพู ุทุจุน ูุณ ุ,view comment,0,ุชููุณ,ุงุถุทุฑุงุจ,1,0,1,,
,,peranses_hasti_joon,28/12/21 06:35:37,0,ุณูุงู ฺู ุญุณ ุฏุงุดุชู ููุช ฺฏฺ ู ุชุงููพูู ุฑู ุจุฑุฏุงุดุชู,view comment,0,ุชุงููพูู,ุฎูุซ,0,0,1,,
,,peranses_hasti_joon,28/12/21 06:39:38,0,@fateeee629 ุณูุงู ุชู ุงู ู ููุชู ูพุงูุชุฑ ูููุฏู!ุ,view comment,0,ูุฑู ุจู,ุฎูุซ,0,0,1,,
,,peranses_hasti_joon,28/12/21 06:40:42,0,@fate_dowlatshah ููู ุจูู ุฎู ุณุฑ ุจุงูุงุดุฏู ูู ูููุฒ ฺฏฺ ุฑู ุฏุฑ ูุงูุฑุฏู ุดุด ุฑูุฒู ุนูู ฺฉุฑุฏู ุจู ูุธุฑุชูู ฺฏฺ ุฑู ุจุฑุฏุงุฑู ู ูู ุฏููู ูพุงูุชุฑ ููุงุฏ!ุ ุฏุงุฑู ุฏูููู ูุดู,view comment,0,ูุฑู ุจู,ุงุถุทุฑุงุจ,0,0,0,,
,,peranses_hasti_joon,28/12/21 06:42:56,0,@1namjoo ุชู ุงู ู ููุชู ุจูุชูู ุงูุชุงุฏู ุชุฑ ูุดุฏู!ุ ููู ุดุด ุฑูุฒู ุนูู ฺฉุฑุฏู ุจูู ุฎู ุณุฑ ุจุงูุงุณุช ูููุฒ ฺฏฺ ุฑู ุจุฑ ูุฏุงุดุชู ุฏฺฉุชุฑ ฺฏูุช ูุงุณู ูุฑูู ู ูุงุณู ฺฏฺู ุฑู ุจู ูุณุช,view comment,0,ูุฑู ุจู,ุงุถุทุฑุงุจ,1,0,1,,
,,1namjoo,28/12/21 06:44:32,0,@peranses_hasti_joon ูู ูุชุงุณูุงูู ูฺ ูุฑู ูฺฉุฑุฏู ููู ุงุฒ ุจู ุณุฑุจุงูุง ูุชููุฑู,view comment,0,ูุฑู ุจู,ุงุถุทุฑุงุจ,0,0,0,,
,,peranses_hasti_joon,28/12/21 06:52:19,0,@fate_dowlatshah ุงุฑู ุชุงููพูู ุฑู ุฏุฑ ุงูุฑุฏู ุจู ุดุฏุช ุณุฑ ุจุงูุงุณ ุณูุฑุงุฎุง ูู ฺฏุดุงุฏ ุฑูุฒ ุจุนุฏุงุฒ ุนูู ุชุงููพูู ุฑู ุฏุฑ ุงูุฑุฏู ุงูุง ุดุด ุฑูุฒูุฎู ุงูุชุถุงุญู,view comment,0,ูุฑู ุจู,ููู,0,0,0,,
,,peranses_hasti_joon,28/12/21 06:52:38,0,@1namjoo ๐ข๐ข๐ข๐ข,view comment,,,,,,,,
,,fate_dowlatshah,28/12/21 07:11:28,0,@peranses_hasti_joon ุฏูุณุช ุนุฒุฒ ุฒุจุฑฺฏฺ ุงุตูุง ุงูู ูุณุช ฺฉู ูุงูุนุชุด ูุณุช.ุฒุฑฺฏฺ ุงูฺฏุงุฑุจู ุดุฏู ู ุฐุฑู .ุจุนุฏูู ุจู ุฑูุชู ุฑูุชู ูุงู ูพุงู ุชุฑ,view comment,0,ูุฑู ุจู,ูุซุจุช,0,0,0,,
,,soma.k8895,28/12/21 07:11:58,0,@peranses_hasti_joon ุฑุงุญุช ุดุฏู ๐,view comment,,,,,,,,
,,peranses_hasti_joon,28/12/21 07:21:16,0,@fate_dowlatshah ุฎุฏุง ฺฉูู ูู ฺฉู ุญุณ ูฺฉูู ุจูู ูุฏุด ุฑุงุฏ ฺฉูุชุงู ุดุฏู ุณูุฑุงุฎุง ุฑูุชู ุชุง ูพุดููู ุฎุฏุง ฺฉูู ฺฏฺ ุฑู ุจุฑูุฏุงุฑู ุจุงุฏ ูพุงู ุญุฏุงุงูู ู ฺฉู,view comment,0,ูุฑู ุจู,ููู,0,0,0,,
,,peranses_hasti_joon,28/12/21 07:21:53,0,ุจูุชูู ุฎูุจ ุดุฏู ุฑุงุถ ุจูุฏู ููุช ฺฏฺ ุฑู ุจุฑุฏุงุดุชู!ุ,view comment,,,,,,,,
,,maaariii3132,28/12/21 08:40:43,0,ูู ุงุณุชุฎูู ูุณูุช ุจุงูุง ุจูู ุฎู ูพููู ูุณุจุช ุจู ูพุงู ุจูู ูุฑฺ ูู ุฏุณุช ูุฒูู ููุท ุงุณุชุฎูู ุญุณ ูฺฉูู ุฏุฑ ุตูุฑุช ฺฉู ูุจู ุนูู ุงุตู ุงุณุชุฎูู ุจุงูุง ุจูู ุจุงุฑฺฉ ุจูู,view comment,0,ูุฑู ุจู,ููู,0,0,1,,
,,2517whyd,28/12/21 08:42:31,0,@tajrobe.amal.bini ุจุจุฎุดุฏ ูุจูุด ฺุฺูุฏ ูุงู ูุจู ุนูู ูู ุจุงุฏ ูุฑุต ฺุงู ูุฎูุฑุ,view comment,1,ุฏุงุฑู,ุฎูุซ,0,0,1,,
,,tajrobe.amal.bini,28/12/21 08:42:47,0,@maaariii3132 ุนุฒุฒู ูุฑู ุณูุชู ู ุงุญุชูุงู ุฒุงุฏ ูุฑู ู ุงูุชูุงุจู,view comment,0,ุชูุฑู,ุฎูุซ,0,0,0,,
,,maaariii3132,28/12/21 08:43:37,0,@tajrobe.amal.bini ุฎุฏุงฺฉูู ฺูู ูุงูุนุง ุฎู ุฑู ูุฎูู ุงูฺฏุงุฑ ุจููู ุจู ุฏู ูุณูุช ุชูุณู ฺฉุฑุฏู,view comment,0,ุชูุฑู,ุงุถุทุฑุงุจ,0,0,0,,
,,maaariii3132,28/12/21 08:43:50,0,@tajrobe.amal.bini ุงฺฏู ุงูุงู ุจู ุฏฺฉุชุฑู ุจฺฏู ูู ูุงุณุงฺ ุจุฏู ุจููู ุชุงุซุฑ ุฏุงุฑูุ,view comment,0,ูุฑู ุจู,ุงุถุทุฑุงุจ,0,ุงุฑุฌุงุน ุจู ูพุฒุดฺฉ,1,,
,,fateeee629,28/12/21 10:37:21,0,@peranses_hasti_joon ุฑุงุณุชุด ูู ุณู ูุงู ุนูู ฺฉุฑุฏู ูุณุจุช ุจู ูุจู ุจูุชุฑ ุดุฏูโ ุงูุง ุงูุฏูุงุฑู ุจุงุฒู ุจุจุดุชุฑ ุจุงุฏ ูพุงู ฺูู ูุงูุนุง ุณุฑุจุงูุง ุฒุดุชู,view comment,0,ูุฑู ุจู,ุงุถุทุฑุงุจ,3,0,0,,
,,peranses_hasti_joon,28/12/21 10:43:40,0,@fateeee629 ุฏุงุฑฺฉุช ฺฺฉ ูฺฉู ฺฏูู,view comment,,,,,,,,
,,rafieimehrnoosh73,28/12/21 20:05:40,0,ุขูุชุง ุฌูู ูู ุจู ุณุฑ ุจุงูุง ุฏูุณุช ุฏุงุฑู ฺฺฉุงุฑ ฺฉูู ุงูุช ูฺฉูู ููฺฉ ุจู ุงู ุชูุฑุจุง ตฐุฑูุฒู ุนูู ฺฉุฑุฏู,view comment,0,ูุฑู ุจู,ุฎูุซ,2,0,1,,
,,moshaver938,29/12/21 22:33:25,0,ุณูุงู  ู ุนุฑุถ ุงุฏุจ ูู ูพูุณุชู ุฎู ฺุฑุจู . ุฏูุงุฒุฏู ุฑูุฒู ุนูู ฺฉุฑุฏู.  ุฏุฑูุฒ ุฏฺฉุชุฑ ฺฏฺ ุจูู ุฑุง ุจุงุฒ ฺฉุฑุฏ ุจุฑุงู ฺุณุจ ุฒุฏ ุงูุงู ฺุณุจ ฺุฑุจ ุดุฏู ู ุดู ุดุฏู ฺฉ ุฑูุฒ ุฏุฑ ููู ฺุณุจ ุนูุถ ฺฉูู ุงุดฺฉุงู ุฏุงุฑูุ,view comment,0,ฺุณุจ,ุฎูุซ,1,0,1,,
,,sahelll_ll79,29/12/21 22:52:30,0,@ly229.2 ุงุณู ุฏฺฉุชุฑุชูู ฺ ุจูุฏู,view comment,0,ุงุณู ูพุฒุดฺฉ,ุฎูุซ,0,0,1,,
,,peranses_hasti_joon,30/12/21 05:11:18,0,@fateme.03579 ฺุฌูุฑู ุจูุช ุนุฒุฒู ฺฉู ุฑุงุถ ูุณ. ูู ู ููุชุณ ุนูู ฺฉุฑุฏู ุญุณ ูฺฉูู ุชุบู ุจูู ฺฉุฌู ุงูฺฏุงุฑ ู ุจู ุฌุฏุง ฺุณุจููุฏู ุชู ุตูุฑุชู ุฎู ุงุนุตุงุจู ุฎูุฑุฏู ุณุฑ ุจููู ุจุงูุงุณ ู ุณุฑุด ฺฏุฑุฏู ฺฉููุชู๐ข๐ข,view comment,0,ูุฑู ุจู,ููู,1,0,0,,
,,fateme.03579,30/12/21 05:29:01,0,@peranses_hasti_joon ุนุฒุฒู ฺฉ ููุชู  ุทุจุนู  ููุด  ุจู ุฎุงุทุฑ  ูุฑู ุฏุฑุณุช  ูุดู ..ุชุง ฺฉ  ุณุงู  ุฎู  ุชุบุฑ  ูฺฉุชู  ุณุฑุด  ูู  ุฌูุน  ูุดู  ู ูพุงู  ุชุฑ  ู ุงุฏ ููู  ุงูู  ฺฉ ุฏฺฉุชุฑ  ูุฑู  ุจูุชู  ุฎูุจ  ุนูู  ฺฉุฑุฏู  ุจุงุดู,view comment,0,ูุฑู ุจู,ูุซุจุช,12,0,0,,
,,peranses_hasti_joon,30/12/21 05:46:05,0,@fateme.03579 ูุฑูุด ููุฏูููู ูุนูุง ฺฉู ุณุฑ ุจูู ฺฏุฑุฏู ูููุจุณ  ู ุฌูุฑู ููุต ุจูู ุจุฏ ูุณ ุณุฑ ุจุงูุงุณ ุฏูุณ ุฏุงุฑู ุจุงุฏ ูพุงู  ู ฺฉู ฺุณุจ ฺฉู ุฑูุดู ุจุงุฑฺฉุชุฑู ุณุฑ ุจูู ุฎูุจู ูู ุณุฑ ุจุงูุงุณ. ูู ูุงุจู ุชุญููู ฺุณุจ  ฺฉู ุฑูุด ูุจูุฏ ฺฉูุง ุงูฺฏุงุฑ ู ุจู ุฑู ุฌุฏุง ู ฺฉู ูุฒุฏฺฉ  ุฑุงุณุชู ุจู ุชุบู  ุจูู ุจุดุชุฑู ุชุงุชุฑุงุฒ ฺุดู ฺูพู ฺฏุฐุงุดุชู ุนู ูุงุตูู ฺุดู,view comment,0,ูุฑู ุจู,ุฎูุซ,0,0,0,,
,,peranses_hasti_joon,30/12/21 05:47:53,0,@hossenihoshyar1 ุชุบู ุจูู ูุฒุฏฺฉุชุฑุจู ฺุดู ฺูพูู ุงูฺฏุงุฑ ู ุจู ุฑู ฺุณุจููุฏู ุจู ุตูุฑุชู ุชุบู ุจูู ูุงุตูุด ุจู ฺุดู ฺูพู ฺฉูุชุฑ ูุณุช ูู ุจู ฺุดู ุฑุงุณุชู ุจุดุชุฑู ุงู ูุงุตูู ููุฏููู ฺุฑุง ููุฏููู ูุฑูู,view comment,0,ุชูุฑู,ุฎูุซ,0,0,0,,
,,hossenihoshyar1,30/12/21 06:15:31,0,@fateme.03579  ูุฑู ุจูููู ุทุจูุนูู ูุฑูุด ุฎูุจู ููู ุงุฒุฑูุจู ุฑู ุฎููู ุจููู,view comment,0,ูุฑู ุจู,ุฎูุซ,0,0,0,,
,,ry.hnh3674,30/12/21 10:57:13,0,ุณูุงู ุฏูุณุชุงู ูู ุณู ุฑูุฒู ุฌุฑุงุญ ุจู ฺฉุฑุฏู ุชุงููพููู ูุฑุฏุงุดุชู ุจุนุฏ ุชุงููพูู ูฺฉ ูฺฉุฑุฏู ุฏฺฏู ุฑุงุญุช ููุณ ูฺฉุดู ูู ุชููุณู ุฎู ุถุนูู ุจูุธุฑุชูู ุฏุฑุณุช ูุดูุุฎู ูุงุฑุงุญุชู๐ญ,view comment,0,ุชููุณ,ุฎูุซ,1,0,0,,
,,tajrobe.amal.bini,30/12/21 17:17:40,0,@rafieimehrnoosh73 ุนุฒุฒู ุงุญุชูุงูุง ุจู ุฎุงุทุฑ ูุฑู ุงูุฌูุฑู,view comment,0,ุชูุฑู,ุฎูุซ,0,0,0,,
,,tajrobe.amal.bini,30/12/21 17:18:01,0,@moshaver938 ุนุฒุฒู ฺฉุฑูุฒ ุฏุฑููู ูุดฺฉู ูุฏุงุฑู,view comment,0,ฺุณุจ,ุฎูุซ,0,0,0,,
,,tajrobe.amal.bini,30/12/21 17:23:54,0,@ry.hnh3674 ุนุฒุฒู ุชุง ุณู ฺูุงุฑูุงู ฺฏุฑูุชฺฏ ุจู ุทุจุนู ุดุณุชุดู ุจุฏุฏ ู ุจุนุฏ ุงุฒ ูุฑุจุงุฑ ุดุณุชุดู ุงุฒ ุงุณูพุฑ ุณุฒุงูู ุงุณุชูุงุฏู ฺฉูุฏ,view comment,0,ุชููุณ,ุฎูุซ,4,ุชูุตู ุฏุงุฑู,0,,
,,rafieimehrnoosh73,30/12/21 20:07:50,0,@tajrobe.amal.bini ฺฉุงุงุงุงุด ูุฑุณ ุฏูุฑุช ุจฺฏุฑุฑุฑุฑุฑุฏู,view comment,,,,,,,,
,,par_vane74,30/12/21 22:59:06,0,ุงูุชุง ุฌูู ูู ด ูุงูู ุนูู ฺฉุฑุฏู ุงุตูุง ููุณ ูุฏุงุฑู ุฏุณุชู ูุฒูู ุงุณุชุฎููู ุงุญุณุงุณ ูุฑู ููฺฉูู ุณุฑุด ฺฉ ุงุตูุง ุจุงูุง ูุณ ุจ ูุธุฑุช ุฏุฑุณุช ูุดู ุง ููููุฌูุฑ ููููู ูู ูฺฉุฑ ูฺฉูู ุฏฺฏ ุณุฑุด ุจุงูุง ุจุดู,view comment,0,ูุฑู ุจู,ููู,4,0,1,,
,,razieh7199,31/12/21 11:14:24,0,@par_vane74 ุณูุงู ูุงู ููู ุงูุฌูุฑู,view comment,0,ูุฑู ุจู,ุฎูุซ,12,0,0,,
,,par_vane74,31/12/21 11:16:20,0,@razieh7199 ุดูุง ฺูุฏ ููุชู ฺฉ ุนูู ฺฉุฑุฏุฏ,view comment,,,,,,,,
,,razieh7199,31/12/21 11:37:03,0,@par_vane74 ูู ุฏุงุฑู ูุดู ฺฉุณุงู,view comment,,,,,,,,
,,par_vane74,31/12/21 11:38:05,0,@razieh7199 ูุง ุนู ุฏุฑุณุช ูุดุฏู ูพุณ ุงูุง ฺ ูฺฏู ุจุนุฏ ู ุณุงู ุฏุฑุณุช ูุดู,view comment,0,ูุฑู ุจู,ุงุถุทุฑุงุจ,12,0,1,,
,,razieh7199,31/12/21 11:39:32,0,@par_vane74 ุงููุฏุฑ ูพููู ฺฉู ุฎุงููุงุฏู ุงู ูุฑ ฺฉ ู ฺุฒ ูฺฏู ูุฎุตูุตุง ุงูุฑูุฒ,view comment,,,,,,,,
,,par_vane74,31/12/21 12:05:19,0,@razieh7199 ุฎุจ ุฏฺฉุชุฑุช ฺ ูฺฏู,view comment,,,,,,,,
,,razieh7199,31/12/21 12:25:07,0,@par_vane74 ููุฏููู ูุงูุง ฺูุฏ ุจุงุฑ ฺฉูุฑุชูู ุฒุฏ ูู ูุฑูุด ุจุดุชุฑ ุดุฏ,view comment,0,ูุฑู ุจู,ุงุถุทุฑุงุจ,0,ุชุฒุฑู ฺฉูุฑุชูู,0,,
,,ms.javadi75,31/12/21 14:07:24,0,ูุง ูู ูุฑุฏุง ุนูู ุฏุงุฑู ุฎู ูุชุฑุณู ุงุฒ ุจููุด๐,view comment,1,ุจููุด,ุงุถุทุฑุงุจ,0,0,1,,
,,tajrobe.amal.bini,31/12/21 18:58:21,0,@ms.javadi75 ุนุฒุฒู ุฎู ูุทูุจ ุฏุงุฑู ุฑุงุฌุจ ุฑูุฒ ุนูู ู ุจููุด ุงฺฏุฑ ุฌุง ูุทูุฆู ุนูู ูฺฉูุฏ ูฺฏุฑุงู ูุจุงุดุฏ,view comment,0,ุจููุด,ูุซุจุช,0,0,0,,
,,moshaver938,31/12/21 19:07:34,0,@tajrobe.amal.bini ูููููู ุนุฒุฒ ุฏูู,view comment,,,,,,,,
,,__pegahchelij,31/12/21 21:53:54,0,@aram.s50 ูุงูุง ููู ุจฺฏู ฺฉ ฺฉูุฑุชู ุฒุฏู ูุฑู ฺฉุฑุฏู๐,view comment,0,ุชูุฑู,ุฎูุซ,0,ุชุฒุฑู ฺฉูุฑุชูู,0,,
,,s.aramesh.50,31/12/21 22:20:51,0,@pegah_chelij ุงุฑู ููู ุดูุฏู ฺฉู ุจุนุถุงุจุนุฏ ฺฉูุฑุชูู ูุฑู ฺฉุฑุฏู.ูู ูู ุดฺฉุฑ ุฎุฏุง ุจุนุฏ ฺฉูุฑุชูู ูุฑู ุจูู ูุตู ุดุฏู ูุฑฺูุฏ ูููุฒ ฺฉู ูุฑู ุฏุงุฑู,view comment,0,ุชูุฑู,ุฎูุซ,0,ุชุฒุฑู ฺฉูุฑุชูู,0,,
,,__pegahchelij,01/01/22 09:14:55,0,@aram.s50 ูู ูู ูุณูุช ุชุฒุฑู ูุฑู ฺฉุฑุฏู ูฺฏู ูุฑู ูฺฉูู ุงููุด ุจุนุฏ ูุฎูุงุจู ููุฏููู ูุงูุง,view comment,0,ุชูุฑู,ุฎูุซ,0,ุชุฒุฑู ฺฉูุฑุชูู,1,,
,,s.aramesh.50,01/01/22 09:39:23,0,@pegah_chelij ูู ุฏููู ูุงูุง ุจุฑุง ูู ุงูุทูุฑ ูุจูุฏ,view comment,,,,,,,,
,,mehrsam95579,02/01/22 18:37:55,0,@aram.s50 ููู ุฏุฑูุฒ ฺฉูุฑุชูู ุฒุฏู ุจูู ุชุบุฑ ูฺฉุฑุฏู ุจูู ุฎู ุจุฒุฑฺฏุชุฑ ูุจู ุดุฏู ุฎู ูพุดูููู,view comment,0,ุชูุฑู,ูพุดูุงู,0,ุชุฒุฑู ฺฉูุฑุชูู,0,,
,,s.aramesh.50,02/01/22 18:43:28,0,@mehrsam95579 ฺฉู ฺฉู ูุฑูุด ฺฉู ูุดู ููุท ุจุงุฏ ุตุจุฑ ฺฉู ูุซู ูู ุฌูู ุงูู ูุฑู๐ข,view comment,0,ุชูุฑู,ุฎูุซ,0,ุชุฒุฑู ฺฉูุฑุชูู,0,,
,,mehrsam95579,02/01/22 19:12:34,0,@aram.s50 ูู ููุด ุขูู ุฏุณุชูู ู ฺฏุฑู ูฺฉูู ุงุฒ ุจุณ ููู ูฺฏู ฺุฑุง ุนูู ฺฉุฑุฏ ุจุฒุฑฺฏุชุฑ ุดุฏู ุฎู ุฏุฑุงุฒ ุดุฏู ูฺฉ ูฺฉูู ุฏฺฉุชุฑ ุจุฏ ุนููู ฺฉุฑุฏู ุฏฺฏู ุฎูุจ ููุดู๐ข,view comment,0,ูุฑู ุจู,ูพุดูุงู,0,0,0,,
,,s.aramesh.50,02/01/22 19:36:23,0,@mehrsam95579 ุนุฒุฒู ูุงูู ุงุฒ ุงู ุญุฑู ุงุฒุงุฏ ู ุดููู ูู ุงููุช ูุฏู ููุท ุจุงุฏ ุตุจุฑ ฺฉู ุจุฎุฏุง ูู ูุงู ุณูู ุชูุณุฑุฎูุฏู ูุฒุฏูู ฺฏุฑู ู ฺฉุฑุฏู ุงูุง ุงูุงู ฺฉู ูุงูู ูพูุฌูู ุจูู ฺฉู ฺฉู ุฏุงุฑู ุฌูุน ูุดู ู ุฎูุฏุดู ูุดูู ูุฏู,view comment,0,ูุฑู ุจู,ูุซุจุช,5,0,0,,
,,mehrsam95579,02/01/22 19:39:19,0,@aram.s50 ุงูุดุงููู ูู ููุด ูฺฏู ฺุฑุง ุฑูุชู ุจูู ุงูุฌูุฑ ฺฉุฑุฏู ุงุตูุง ูฺ ุงูุฏ ูุฏุงุฑู ุฎูุจ ุดู ุขุฎู ุฏุฑูุฒู ฺฉูุฑุชูู ุฒุฏู ูู ูฺ ุชุงุซุฑ ูุฏุงุดุช,view comment,0,ุชูุฑู,ูพุดูุงู,0,ุชุฒุฑู ฺฉูุฑุชูู,0,,
,,s.aramesh.50,02/01/22 19:40:12,0,@mehrsam95579 ุฒูุฏู ูููุฒ ุจุฑุง ูู ุญุฏุงูู ุฏูููุชู ุทูู ฺฉุดุฏ ุชุง ุงุซุฑ ฺฉูุฑุชูู ูุดูู ุจุฏู,view comment,0,ุชูุฑู,ูุซุจุช,1,ุชุฒุฑู ฺฉูุฑุชูู,0,,
,,mh.rb7273,03/01/22 00:47:21,0,ุชู ุฑู ุฎุฏุง ุฑุงูููุงู ฺฉูุฏ ูู ุจุนุฏ ุณุงู ุฏู ููุชู ูพุด ฺฉูุฑุชูู ุชุฒุฑู ฺฉุฑุฏู ุจุนุฏ ฺูุงุฑ ุฑูุฒ ุจุงูุง ููฺฉ ุจูู ูุฑูุฑูุชู ุดุฏู ุฏฺฉุชุฑู ฺฏูุช ูฺฏุฑุงู ูุจุงุด ุฑูุชู ุฑูุชู ุงุฒ ุจู ูุฑู ุจุดุชุฑ ููุณ ูฺฉูู ุญุณุด ูฺฉูู ุชู ุงูู ุงู ุฒุฏู ูฺฉูู ูุจูู ฺฉุณ ูุณุช ุชุฌุฑุจู ูุดุงุจู ููู ุฏุงุดุชู ุจุงุดู ุชู ุฑู ูุฑุงู ฺฉูฺฉู ฺฉูุฏ,view comment,0,ุชูุฑู,ุงุถุทุฑุงุจ,12,ุชุฒุฑู ฺฉูุฑุชูู,1,,
,,elaaa_202020,03/01/22 16:00:08,0,ุณูุงู ฺูุงุฑูุงูู ุนูู ฺฉุฑุฏู ุงุฒ ุงููุด ุทุฑูุด ูุฑูุด ุจุดุชุฑ ุจูุฏ ูููุฒู ุงููุทูุฑูุโฆโน๏ธโฉ,view comment,0,ุชูุฑู,ุฎูุซ,4,0,0,,
,,mohammadi_nona,03/01/22 16:06:00,0,ุณูุงู ฺูุฏุฑูุฒ ุจุนุฏ ุงุฒ ุนูู ูุดู ุบุฐุง ุนุงุฏ ุฎูุฑุฏ ุณููพ ูุงูุง ูุฎูุฑุฏุ,view comment,0,ุงุฎุชูุงู ุฏุฑ ุฒูุฏฺฏ,ุฎูุซ,0,0,1,,
,,hossenihoshyar1,04/01/22 06:19:00,0,@nasim_595683 ุจู ุงููุฏุงูููู ุจูุชุฑุจุดู ููุงุฑุงููุฏู ููู ูููุฒ ุจุฒุฑูู ุงูุจุชู ูููุฒ ูุฑูู ุฏุงุฑู ููู ุจุฑูุงู ุจุฒุฑูู,view comment,0,ุชูุฑู,ุฎูุซ,0,0,0,,
,,hossenihoshyar1,04/01/22 09:00:25,0,@nasim_595683 ุฎุฏุงูููู ุงูุณุฑุฏูู ุฌุฑุง ุจุฑู ุฏูุชุฑุช ูุดููุช ุฑู ุฏุฑุณ ููู,view comment,0,ุงูุณุฑุฏฺฏ,ุฎูุซ,0,ุงุฑุฌุงุน ุจู ูพุฒุดฺฉ,0,,
,,kimia.mhb78,04/01/22 17:42:26,0,ูู ุฏู ูุงูู ุนูู ฺฉุฑุฏู ุณุฑ ุจูู ุจุงูุงุณ...ุฏูุณ ุฏุงุฑู ..ููุฎุงู ุจุงุฏ ูพุงู๐ขุงุญุชูุงูุด ูุณุช ุจุนุฏ ุฏู ูุงู ููฺฉุด ูพุงูุชุฑ ุจุงุฏุุ,view comment,0,ูุฑู ุจู,ุงุถุทุฑุงุจ,2,0,1,,
,,sa.salemi6,04/01/22 17:54:06,0,@nasrin_7617 ุงูู ุงูฺฉู ุชุง ณ ูุงู ฺฉุงูู ุตุจูุฑ ุจุงุด ฺฉู ฺฉู ูุฑูุช ฺฉู ูุดู ฺฉ ูุงู ุฎู ุฒูุฏู ุฏูู ุงูฺฉู ุงุตูุง ุจู ูุธุฑ  ุงุทุฑุงูุงู ุฏุฑ ููุฑุฏ ุจู ุงููุช ูุฏู ุฎูุฏุชู ุฌูู ูฺ ุงุญุฏ ุงุฒ ูุฑู ุจูุช ุญุฑู ูุฒู ฺูู ุชุง ูุดุช ูุงู ููุดู ูุฑู ุฏุงุฑ,view comment,0,ูุฑู ุจู,ูุซุจุช,1,0,0,,
,,girl.lakkk,05/01/22 15:13:34,0,ุณูุงู ุฏฺฉุชุฑ ูุฒูู ุนูู ุจู ฺูุฏ ุชุง ฺูุฏ ุชููููุ,view comment,1,ูุฒูู,ุฎูุซ,0,0,1,,
,,mz_behdasht,05/01/22 18:59:55,0,@fotoohi_zahra1375 ุนุฒุฒู ุดุจุง ฺุณุจ ุจุฒู ุชุง ู ูุฏุช ูุดฺฉู ูุฏุงุฑู ู ุฌูู ุชุงุฒู ฺุณุจุดู ุจุฑุฏุงุดุช ุจุดุชุฑ ุดุฏู ุงููุด ฺฉู ฺฉู ุฏุฑุณุช ูุดู,view comment,0,ฺุณุจ,ุฎูุซ,0,0,0,,
,,maryamsavari13,06/01/22 08:29:10,0,ฺูุฏ ุดูุง ูุงู โค๏ธ,view comment,,,,,,,,
,,about_nabat79,08/01/22 14:51:55,0,@marzie_sunia__1991ุจุฑุทุฑู ุดู ูุซู ูู ุงูุดุงุงููู,view comment,,,,,,,,
,,ftme_montzri,08/01/22 19:36:39,0,โ๐,view comment,,,,,,,,
,,miisfiroze,09/01/22 10:34:35,0,ฺุฑุง ุจุนุถุง ุตุฏุงุดูู ุชู ุฏูุงุบ ูุดู,view comment,1,ุชุบุฑ ุตุฏุง,ุฎูุซ,0,0,1,,
,,saeedehshahverdi,09/01/22 20:46:03,0,@_.sama.sh_ ูุดฺฉูุชูู ุญู ุดุฏุ,view comment,,,,,,,,
,,mahtab99281,13/01/22 06:59:15,0,@tajrobe.amal.bini ุจุจุฎุดุฏ ูู 16ุฑูุฒู ุนูู ฺฉุฑุฏู ุฏูุจุงุฑ ูพุงุฏู ุฑู ุฏุงุดุชู ููฺฉูู ุจุฑุง ุจูู ูุดฺฉู ูพุด ุจุงุฏ,view comment,0,ูุฑุฒุด,ุงุถุทุฑุงุจ,1,0,1,,
,,sepide.joshaghani,14/01/22 22:10:06,0,@mahtab99281 ูู ุนุฒุฒู ูฺ ููุดู ูู ุจุงุฑูุง ูพุงุฏู ุฑู ุฏุงุดุชู ูุงู ุงูู,view comment,0,ูุฑุฒุด,ูุซุจุช,1,0,0,,
,,maedeh.sotode.12,14/01/22 22:28:11,0,ุณูุงู. ูู ฺูุงุฑ ูุงู ุนูู ุจู ฺฉุฑุฏู. ูู ูููุฒ ููุณ ุจูู ูุดุฎุต ูุณุช. ููุช ุฑู ููุณุด ุฏุณุช ูุฒูู ุงุณุชุฎูู ูุงุฏ ุจ ุฏุณุชู. ฺฺฉุงุฑ ฺฉููุฺุฑุง ููุณุด ุฏุฑ ููุงุฏุ ๐ข๐ข,view comment,0,ูุฑู ุจู,ููู,4,0,1,,
,,mahtab99281,15/01/22 08:25:47,0,@sepide.joshaghani ูุฑุณ ุนุฒุฒู๐,view comment,,,,,,,,
,,narges__8906,19/01/22 18:53:58,0,ุงูุงู ููฺฉ ุจู ุดูุง ุชุฒ ุง ฺฏุฑุฏ ุ,view comment,0,ูุฑู ุจู,ุฎูุซ,0,0,1,,
,,peranses_hasti_joon,20/01/22 06:00:55,0,@hani.mahmoodiii ุณูุงู ูุงุตูู ูุจ ู ุจูุชูู ุชู ุงู ูุฏุช ุฏุฑุณุช ุดุฏู!ุ,view comment,0,ูุฑู ุจู,ุฎูุซ,0,0,1,,
,,hani.mahmoodiii,20/01/22 06:02:30,0,@peranses_hasti_joon ุณูุงู.ุจู ูพุงู ุชุฑุงููุฏู.ุจูู.ูุงุตูู ฺฉู ููููู ุงูุงฺูู ุจู ุงููุฏู ูพุงู ุชุฑฺฉู ฺฉูุชุฑุฏุฏู ูุดู,view comment,0,ูุฑู ุจู,ุฎูุซ,0,0,0,,
,,peranses_hasti_joon,20/01/22 06:05:28,0,@zeynab.ghiasy ุณูุงู ุจูุชูู ุฏุฑุณุช ุดุฏ!ุ,view comment,,,,,,,,
,,peranses_hasti_joon,20/01/22 06:14:35,0,@hani.mahmoodiii ุฏุงุฑฺฉุชุชููู ฺฺฉ ูฺฉูุฏ ุนุฒุฒู,view comment,,,,,,,,
,,zeynab.ghiasy,20/01/22 06:33:48,0,"@peranses_hasti_joon ุณูุงู ุนุฒุฒ ฺฉู ุจูุชุฑ ุดุฏู 
ูู ุงฺฏู ูุฑู ุจุงุดู ุฎู ูุฑูู๐ฌ",view comment,0,ุชูุฑู,ููู,0,0,0,,
,,samaneh.537,21/01/22 19:24:43,0,ฺฏูู ุงุดูู ฺฉูุชู ฺฉู ุชุง ฑูุงู ุจุตูุฑุชู ุตุงู ุฎูุงุจุฏู ูู ุชุง ฒููุชู ููุท ุตุงู ุชููุณุชู ุจุฎูุงุจู ุจูู ุด ุจุตูุฑุชู ูพููู ุฎูุงุจุฏู ุขุง ูุดฺฉู ุฏุงุฑูุุุ,view comment,0,ุทุงูโุจุงุฒ,ููู,1,0,1,,
,,f.ahmadii24,24/01/22 18:36:30,0,@ly229.2 ุนุฒุฒู ุจู ููู ฺฏูุดุชู ูุดู ุจฺฏ ฺฉุฌุงุนูู ฺฉุฑุฏ,view comment,1,ูุนุฑู ูพุฒุดฺฉ,ุฎูุซ,0,ูุนุฑู ูพุฒุดฺฉ,1,,
,,alirezaa_kazemimanesh,03/01/22 09:32:19,0,ุงุตูุง ุชุฑุณ ูุฏุงุฑู ุฏฺฉุชุฑ ุจููุด ูุจูุด ุจุฑุฑุณ ูฺฉูู ู ูุฑุชุจ ูู ุจุงูุง ุณุฑุชู,view comment,0,ุจููุด,ูุซุจุช,0,0,0,,
,,parya_a94,03/01/22 09:53:46,0,ุณูุงู ููุช ุจุฎุฑ ุงุฒ ฺฉ ูุชููู ุจุง ุฎุงู ุฑุงุญุช ุณุฑูู ูุฏุช ุทููุงู ูพุงู ุจูุฏุงุฒูู ุจููุณูุ,view comment,0,ุงุฎุชูุงู ุฏุฑ ุฒูุฏฺฏ,ุฎูุซ,0,0,1,,
,,nadia_takhtravande,03/01/22 09:59:03,0,@alirezaa_kazemimanesh ูุฑุณ ุงุฒ ุดูุง,view comment,,,,,,,,
,,bhnz6700,04/01/22 19:14:56,0,ูู ุจู ุฎุงุทุฑ ฺุณุจ ุฒุฏู ุจุฏ ุจูู ฺฉุฌ ุดุฏู๐ฉุฎูุจ ููุดู ุฏฺฏ ุจู ูุธุฑุชูู ุงูุงู ููุช ูุงูู ุนูู ฺฉุฑุฏู,view comment,0,ฺุณุจ,ุงุถุทุฑุงุจ,7,0,1,,
,,mehran.j22j,04/01/22 19:49:24,0,@tajrobe.amal.bini ุฎู ูููููู,view comment,,,,,,,,
,,tajrobe.amal.bini,04/01/22 20:16:24,0,@elham_gallery_03 ุนุฒุฒู ุทุจุนู ุจู ุฎุงุทุฑ ูุฑูู,view comment,0,ุชูุฑู,ูุซุจุช,0,0,0,,
,,tajrobe.amal.bini,04/01/22 20:16:42,0,@saraj829 ุนุฒุฒู ูุงู ุงูู ู ฺุณุจ ุถุฏ ุญุณุงุณุช ุจุฒูุฏ,view comment,0,ฺุณุจ,ุฎูุซ,0,ุชูุตู ุฏุงุฑู,0,,
,,tajrobe.amal.bini,04/01/22 20:17:17,0,@maryamm6543 ุนุฒุฒู ุจูุฏ ุทุจู ุชูุตู ูพุฒุดฺฉ ูพุด ุจุฑุฏ ุงู ููุฑุฏ ฺฉุงููุง ุจุงุฏ ุทุจู ูุธุฑ ูพุฒุดฺฉ ุจุงุดู,view comment,0,ฺุณุจ,ุฎูุซ,0,ุงุฑุฌุงุน ุจู ูพุฒุดฺฉ,0,,
,,tajrobe.amal.bini,04/01/22 20:17:39,0,@se_lin8221 ุนุฒุฒู ุจุงุนุซ ูุฑู ูููุช ูุดู,view comment,0,ุชูุฑู,ุฎูุซ,0,0,0,,
,,tajrobe.amal.bini,04/01/22 20:17:39,0,@zahra_payandeh.art ุนุฒุฒู ุจุงุฏ ุทุจู ุชุฌูุฒ ูพุฒุดฺฉ ุจุงุดู,view comment,0,0,ุฎูุซ,0,ุงุฑุฌุงุน ุจู ูพุฒุดฺฉ,0,,
,,tajrobe.amal.bini,04/01/22 20:17:50,0,@z.mohammadi187 ุงฺฏุฑ ุจูุชูู ฺฏูุดุช ุจุงุดู ุจูู,view comment,0,ูุฑู ุจู,ุฎูุซ,0,0,0,,
,,tajrobe.amal.bini,04/01/22 20:18:09,0,@bhnz6700 ุนุฒุฒู ุจู ูพุฒุดฺฉ ุจฺฏุฏ ุจุง ูุงุณุงฺ ููฺฉูู ุฏุฑุณุช ุดู,view comment,0,ูุฑู ุจู,ุฎูุซ,0,ุงุฑุฌุงุน ุจู ูพุฒุดฺฉ,0,,
,,saraj829,04/01/22 20:22:01,0,@tajrobe.amal.bini ูููููู,view comment,,,,,,,,
,,z.mohammadi187,04/01/22 20:50:05,0,@tajrobe.amal.bini ุจูู ฺฏูุดุชู,view comment,,,,,,,,
,,sara6275422,04/01/22 20:58:37,0,ุณูุงู ุจุจุฎุดู ูฺฏู ุชุง ฺูุฏ ูุงู ุจุงุฏ ฺุณุจ ุจุฒูู  ูู น ูุงู ุนูู ฺฉุฑุฏู ุชุง ท ูุงู ฺฉุงููุง ฺุณุจ ุฒุฏู ูุงุฒ ูุณุช ฺุณุจ ุจุฒูู ุูุซูุง ุจุนุฏู น ูุงู ฺุณุจ ุจุฒูู ุจุงุฒู ฺฉูฺฉ ุจู ูุฑู ุจู ูฺฉูู,view comment,0,ฺุณุจ,ุฎูุซ,9,0,1,,
,,elham_gallery_03,04/01/22 21:45:15,0,@tajrobe.amal.bini ุดูุง ูุทุนุง ุจ ูุธุฑุฏ ูุงูุนุง ุงุฏู ุงุฒ ุงุณุชุฑุณ ูฺฏุฑุงู ุฏูุฑ ูุดูโค๏ธโค๏ธโค๏ธโค๏ธโค๏ธโค๏ธูุฑุณ ููุณุงุงุงุงุง,view comment,0,ุชุฑุณ ุนูู,ูุซุจุช,0,0,1,,
,,fereshte.shahin9,04/01/22 22:25:36,0,@tajrobe.amal.bini ุณูุงู ูู ู ููุชู ูุณุช ฺฉู ุนูู ฺฉุฑุฏู ุฏุฑูุฒ ู ุชฺฉู ุฎู ุฑุฒ ุงุณุชุฎูู ุงุฒุญููู ุงููุฏุจุฑูู ูุงูุฑูุฒ ูู ู ุชฺฉู ูุฎุชู ุฎูู ุณูุช ุขุงุทุจุนุจูุ,view comment,0,ูุฎุชู ุฎูู,ุงุถุทุฑุงุจ,1,0,1,,
,,laleh6358,04/01/22 22:37:14,0,ฺฉุณ ูุณุช ฺฉู ฺฉููฺฉ ุจููู ุฌุฑุงุญ ฺฉุฑุฏู ุจุงุดูุ,view comment,1,ูุนุฑู ูพุฒุดฺฉ,ุฎูุซ,0,0,1,,
,,fat3meh1,05/01/22 06:01:25,0,@tarannome.bahari ุณูุงู ุฏูุณุช ุนุฒุฒ ูู ต ุฑูุฒู ุนูู ูพูฺฉ ุงูุฌุงู ุฏุงุฏู ุฒุฑ ูพูฺฉู ูุฑู ู ฺฉู ฺฉุจูุฏ ุฏุงุฑู ฺฺฉุงุฑ ฺฉูู ุฒูุฏุชุฑ ุฎูุจ ุจุดู ููุชู ุฏฺฏู ุจุงุฏ ุจุฑู ุณุฑฺฉุงุฑ. ููููู ูุดู ูพุงุณุฎ ุฏูุฏ,view comment,0,ุชูุฑู,ุฎูุซ,1,0,1,,
,,bhnz6700,05/01/22 06:48:37,0,@tajrobe.amal.bini ุงุฎู ุฏฺฉุชุฑ ฺฏู ุชู ูุทุจ ุจุง ุจ ุญุณ ุฏุฑุณุช ูฺฉูู ูู ุถูุงูุช ููฺฉูุน ฺฉ ุฎูุจ ูุดู ููู ฺฏูุชู ฺุณุจ ุจุฒูู ุฏุงุฆู ุดุงุฏ ุฎูุจ ุดุน ูู ุฏูุณุชุงู ูฺฏู ุฏฺฏ ุงูู ูุฑู ุจู ุฑู ฺฏุฑูุชู  ุฑุงู ฺฉุงุฑ ูฺฏู ุจูู ุจู ูุธุฑุชูู ฺฉุงุฑ ฺฉ ุฏฺฉุชุฑ ูฺฏ ุงูุฌุงู ุจุฏูุ,view comment,0,ูุฑู ุจู,ุชุฑุฏุฏ,0,0,1,,
,,tanaz_rj,05/01/22 07:05:59,0,ฺุฑุง ุงููุฒุด ุงุดุชุจุงู ููุฒุงุฑูุฏุุงููุทูุฑู ููุท ุจููู ูพุฑ ุงุฒ ุฌูุด ููุดูุุจุงูุฏ  ุฑุฏ ฺุณุจ ุฑู ุจุง ูพุฏ ู ุงููู ุณููุฏ ูพุงู ูุฑุฏ,view comment,0,ฺุณุจ,ููู,0,0,0,,
,,reyhane__nrz,05/01/22 08:12:54,0,@tarannome.bahari ุดูุง ูุฑุต ุงูุงูู ุงุณุชูุงุฏู ูฺฉุฑุฏูุ,view comment,0,ุฏุงุฑู,ุฎูุซ,0,ุณูุงู ูพุฒุดฺฉ,1,,
,,tarannome.bahari,05/01/22 08:24:19,0,@reyhane__nrz ูุฑุต ุงูุงูู ุชุง ุฏู ูุงู ุงูู ุชุงุซุฑ ฺฏุฐุงุฑู ุงููู ูู ฺูุฏุงู ูู ุงูุงู ฺฉุณุงู ุงุฒ ุนููู ูฺฏุฐุฑู,view comment,,,,,,,,
,,mitramjd_,05/01/22 14:18:29,0,ุนุฒุฒู ูุงู ููู ูููุทูุฑ ุจูุฏ ุฎู ูุงุฑุงุญุช ุจูุฏู ุงูุงู ฺฉู ุฏู ูุงู ู ูู ฺฏุฐุดุชู ุจุง ฺฉู ุดุฏู ูุฑู ูุฑุฑูุฒ ุฏุงุฑู ุจูุชุฑ ูุดู ูฺฏุฑุงู ูุจุงุด,view comment,,,,,,,,
,,ha.h735,05/01/22 16:36:57,0,ุณูุงู ุฎูุจ ุงูุชุง ุฌุงู ูู ตณ ุฑูุฒ ฺฉู ุนูู ฺฉุฑุฏู ููุชู  ูพุด ุฑูุชู ูพุด ุฏฺฉุชุฑ ุจูู ฺฏูุช ุดุจุง ููุท ฺุณุจ ุจุฒู ุจู ุจูุช ุงุฒ ุงูู ูููุนู ฺฉู ุดุจ ูุง ููุท ฺุณุจ ูุฒูู ุงูฺฏุงุฑ ุฎู ุจูู ุจุฒุฑฺฏ ุดุฏู ุุจูู ูุซู ูุจู ุงุฒ ุนููู ุดุฏู ุฎู ูฺฏุฑุงูู ูุฎูุงู ฺฏุฑู ฺฉูู ุชุฑูุฎุฏุง ุงฺฏู ูุฏูู ุฑุงู ุญู ุจูู ุจุฏูุ,view comment,,,,,,,,
,,tajrobe.amal.bini,05/01/22 18:58:42,0,@sara6275422 ฺุณุจ ู ููุท ุจุงุฏ ุทุจู ุชุฌูุฒ ูพุฒุดฺฉ ุจุฒูุฏ,view comment,,,,,,,,
,,tajrobe.amal.bini,05/01/22 18:59:23,0,@tanaz_rj ุนุฒุฒู ุงู ูุฑุงุฑู ุจูุงูุงุตูู ุดุณุชู ุจุดู ฺุฑุงุงุดุชุจุงู ุจุงุดู ูุงุงุณุชูุงุฏู ุงุฒ ุชููุฑ ูู ูุจูุง ุชู ูพุฌ ฺฏูุชู ุงู ุจุฑุง ฺฉุณุงู ูุณุช ฺฉู ุฑุฏ ฺุณุจ ุฑู ุจูุดูู ุจุง ุชููุฑ ูพุงฺฉ ููุดู,view comment,,,,,,,,
,,tajrobe.amal.bini,05/01/22 19:00:03,0,@ha.h735 ุนุฒุฒู ุทุจุนู ูฺฏุฑุงู ูุจุงุด ุชุง ฺฉุณุงู ูุฑู ูุณุช ุงูุงู ฺฉู ฺุฒ ูฺฏุฐุดุชู ุตุจูุฑ ุจุงุดุฏ,view comment,,,,,,,,
,,neda_dss,05/01/22 21:05:38,0,@mitramjd_ ุฎู ููููู ูุทู ฺฉุฑุฏุฏ ๐ุงูุดุงููู ุฎูุจ ุจุดู๐,view comment,,,,,,,,
,,gomnam28282,06/01/22 00:26:36,0,@winter_girl_69 ุญู ุชุฑู ฺฉุงููุช ๐๐,view comment,,,,,,,,
,,gomnam28282,06/01/22 00:27:07,0,@winter_girl_69 ูุฒุงุฑุชุง ุฑูพู ุฒุฏู ุงู ููุตุฏุชุงุด ฺฏูุชู ูุฑูู ูุฎูุงุจู,view comment,,,,,,,,
,,winter_girl_69,06/01/22 12:08:08,0,@gomnam28282 ูุงูุง ๐,view comment,,,,,,,,
,,naznin_2878,06/01/22 14:54:13,0,@tajrobe.amal.bini ูู ูพูุฌ ุฑูุฒ ุนูู ฺฉุฑุฏู ุงูฺฏุงุฑ ุงุฒ ุฑูุฒ ุงูู ุญุงูุช ุณุฑูุง ุฎูุฑุฏฺฏ ุฏุงุฑู  ุงู ุนุงุฏูุ,view comment,,,,,,,,
,,neda.m7849,06/01/22 19:01:08,0,ุณูุงู ุนุฒุฒู ูู ุฏู ูุงู ุฎูุฑุฏู ุง ุงุฒ ุนููู ูฺฏุฐุฑู ุชุงุฒฺฏุง ุจูู ฺฉุฌ ุดุฏู ุทุจุนูุุุ๐ค๐ค,view comment,,,,,,,,
,,zahra_payandeh.art,06/01/22 19:13:09,0,ุณูุงู ููุชุชูู ุจุฎุฑ ุฎุณุชู ูู ูุจุงุดุฏ  ูุดู ูุทูุง ุจฺฏุฏ ูุธุฑุชูู ุฏุฑุจุงุฑู ุชุฒุฑู ุฑุงฺฉูุชุงู ฺู ุุฏฺฉุชุฑู ุงฺฏู ุจุฎูุงู ุชุฒุฑู ูฺฉูู ุจู ูุธุฑุชูู ูุดฺฉู ูุฏุงุฑูุู ุงูฺฉู ุฏุฑุฏ ุฏุงุฑู ุ,view comment,,,,,,,,
,,tajrobe.amal.bini,06/01/22 20:28:50,0,@naznin_2878 ุจูู ุนุฒุฒู ุทุจุนู,view comment,,,,,,,,
,,tajrobe.amal.bini,06/01/22 20:28:57,0,@neda.m7849 ุจูู ุนุฒุฒู ุจู ุฏูู ูุฑูู,view comment,,,,,,,,
,,tajrobe.amal.bini,06/01/22 20:29:10,0,@zahra_payandeh.art ุนุฒุฒู ูพุณุช ุฏุงุฑู ุฑุงุฌุจ ุฑุงฺฉูุชุงู ู ฺฉูุฑุชูู,view comment,,,,,,,,
,,anaa01375,06/01/22 20:50:51,0,@tajrobe.amal.bini ุจุนุฏุงุฒ ถุฑูุฒ ุนูู ุณุฑูู ูุฎูุท ุฎูู ฺฏูู  ุทุจุนูุ,view comment,,,,,,,,
,,mah_9831,07/01/22 08:04:59,0,ฺฉุณ ูุณุช ุงููุงุฒ ูพุด ุฏฺฉุชุฑ ูุงุณู ุฒุงุฏู ุนูู ฺฉุฑุฏู ุจุงุดู ุงฺฏุฑ ฺฉุณ ุชุฌุฑุจู ูุง ุดูุงุฎุช ุฏุงุฑู ุจูู ุจฺฏู ููููู ูุดูโค๏ธ,view comment,,,,,,,,
,,tajrobe.amal.bini,07/01/22 19:40:28,0,@zahra_payandeh.art ุนุฒุฒู ููุท ุฏุฑ ุตูุฑุช ฺฉู ุฎูุฏ ูพุฒุดฺฉ ุถุฑูุฑ ุจุฏููู ุฎูุจู ุชุฒุฑู ฺฉูุฏ,view comment,,,,,,,,
,,tajrobe.amal.bini,07/01/22 19:40:31,0,@anaa01375 ุจูู ุนุฒุฒู,view comment,,,,,,,,
,,bahargoli_z,07/01/22 20:06:45,0,ุณูุงู ูู ููุชู ูุง ุงููู ฺฉ ฺุณุจ ุจู ูุฒูู.ู ฺุณุจ ุจูู ุงูุดุจ ุญุณ ูฺฉูู ุดู ุดุฏู ูพูุณุชู ุฎู ฺุฑุจู.ููฺฉูู ุชุงุจุฑู ูุทุจ ฺุณุจู ุนูุถ ฺฉูู ุจุฏูุฑูู ุจุดูโุ ูุงุฒูู ุฎูุฏู ฺุณุจ ุจุฒููุ ุงุฎู ุจูุฏูุณู .ููุจุช ุจุนุฏู ูุงุณู ฺุณุจ ุฒุฏู ูู ฺฉุดูุจุณุช ุจุงุฏ ุจุฑู...ุฎู ูฺฏุฑุงูู ูุฏุฏูุง ุฑุงูููุง ฺฉูู,view comment,,,,,,,,
,,mrym.shfghti74,07/01/22 20:31:03,0,ุณูุงูฺูุฏ ูุงู ุจุนุฏ ูุดู ูพูุฏุฑ ุฌูุณูฺฏ (ฺุงู )ุงุณุชูุงุฏู ฺฉุฑุฏ ุ,view comment,,,,,,,,
,,eli.kh.6794,07/01/22 20:35:52,0,ุณูุงู ูู ต ูุงู ุนูู ฺฉุฑุฏู ู ุฑู ุจู ู ู ุจุดุชุฑ ูุฒุฏฺฉ ููฺฉ ุจู ู ฺฉูุงุฑู ูุง ุณุงู ุดุฏู ุนูุชุด ฺ ูุชููู ุจุงุดู ู ุขุง ุจุฑุทุฑู ูุดู ุุุ,view comment,,,,,,,,
,,fatemeh_arezomand78,07/01/22 21:47:16,0,ูู ุณู ูุงูู ุนูู ูุฑุฏู ููู ูพุฑู ูุงู ุจูููู ุจุฒุฑฺฏู ุฎูุฏู ุจ ุฏูุชุฑ ฺฏูุชู ุฑูุฒ ุนูู ุฏุณุช ูุฒูู ุจูุธุฑุชูู ูุฑูู ูุง ููููุฌูุฑู ููููููุุุุ,view comment,,,,,,,,
,,maedehsh.79,08/01/22 15:38:17,0,ุณูุงู ุจุจุฎุดุฏ ุชุง ฺูุฏ ููุช ุจุนุฏ ุงุฒ ุนูู ูุชููู ุจุฑู ูพุงฺฉุณุงุฒ ูพูุณุชุ,view comment,,,,,,,,
,,darushyasini,08/01/22 16:37:32,0,@sara__ph9 ุชุบุฑ ูฺฉูู ุดฺฉ ูฺฉูโุจู ููู ฺฏูุดุช ุจูุฏู,view comment,,,,,,,,
,,darushyasini,08/01/22 16:39:29,0,ุงุฒ ูุงู ุดุดู ุจู ุจุนุฏ ุฎู ุชุบุฑ ููฺฉูู,view comment,,,,,,,,
,,darushyasini,08/01/22 16:44:04,0,@_banoo_2223 ูููโููู ูุดฺฉู ุฏุงุดุชู ู ุงูุช ุฎู ฺฉูโูฺฉูู ุฐุฑู ูุงุฏ ูพุงู,view comment,,,,,,,,
,,sara__ph9,08/01/22 17:07:10,0,@darushyasini ุงูู ุนูู ุจูุชูู ุจุฒุฑฺฏ ุจูุฏ,view comment,,,,,,,,
,,s0lmni,08/01/22 21:51:07,0,@darushyasini ุจู ุณูู ุชุง ุดุดูุ,view comment,,,,,,,,
,,yasii.gholami,09/01/22 08:21:52,0,@mary_rzaei ุงฺฏู ุฒุฎูุช ุฏุฑ ุฎูุจ ูุดู ูพุณ ุจุฑุง ุฌุง ุจุฎู ูพูุงุฏ ุชุฑูู ุฎุงุฑุฌ ุจฺฏุฑ ุนุฒุฒู,view comment,,,,,,,,
,,yasii.gholami,09/01/22 08:25:15,0,@z.karimi995 ุงุฒ ุงูู ฺฉุฌ ุจูุฏุ ุจุง ูุงุณุงฺ ุฎูุจ ููุดุฏุ,view comment,,,,,,,,
,,z.karimi995,09/01/22 09:13:25,0,@yasii.gholami ุณูุงู ุจูู ุงุฒ ุงูู ุจูุฏ ฺฉ ุจุง ูุงุณุงฺ ฺฉ ุฏุงุฏู ุฎู ุจูุชุฑ ุดุฏู๐,view comment,,,,,,,,
,,assl_mh,09/01/22 09:55:45,0,ฺูุฏ ูุงู ุจุนุฏ ุงุฒ ุนูู ุจู ูุดู ฺฉูุฑุชูู ุชุฒุฑู ฺฉุฑุฏุุ,view comment,,,,,,,,
,,assl_mh,09/01/22 09:57:35,0,@tarannome.bahari ุจุจุฎุดุฏ ุนุฒุฒู ุดูุง ุจุนุฏ ุงุฒ ฺูุฏ ููุช ฺฉูุฑุชูู ุชุฒุฑู ฺฉุฑุฏู ุ,view comment,,,,,,,,
,,tarannome.bahari,09/01/22 14:14:31,0,@assl_mh ุณูุงู ุนุฒุฒู ุจุนุฏ ุงุฒ ฺฉุณุงู,view comment,,,,,,,,
,,tajrobe.amal.bini,09/01/22 21:30:51,0,@bahargoli_z ุจู ูพุฒุดฺฉ ุจฺฏุฏ ุจุฑุง ุฏูุนุงุช ุจุนุฏ ุฎูุฏุชูู ฺุณุจ ู ุชุนูุถ ฺฉูุฏ,view comment,,,,,,,,
,,tajrobe.amal.bini,09/01/22 21:30:56,0,@maryam.shfghti74 ุดุด ูุงู ุจุนุฏ ุงุฒ ุนูู,view comment,,,,,,,,
,,tajrobe.amal.bini,09/01/22 21:31:15,0,@eli.kh.6794 ุนุฒุฒู ูพุณุช ูุฑุงูุจุชูุง ูพูุณุช ุจุนุฏ ุงุฒ ุนูู ุจู ู ุจุจูุฏ,view comment,,,,,,,,
,,tajrobe.amal.bini,09/01/22 21:31:30,0,@fatemeh_arezomand78 ุญุช ุงฺฏุฑ ุฏุณุช ูุฒูู ุชุง ฺฉุณุงู ูุฑู ุฏุงุฑู,view comment,,,,,,,,
,,tajrobe.amal.bini,09/01/22 21:31:38,0,@maedehsh.79 ุณู ูุงู ุจุนุฏ ุงุฒ ุนูู,view comment,,,,,,,,
,,tajrobe.amal.bini,09/01/22 21:31:59,0,@assl_mh ุจูุฏ ุจุจูุฏ ูพุฒุดฺฉ ฺู ุฒูุงู ุชุฌูุฒ ูฺฉูู ุงุฒ ูุงู ุฏูู ุจู ุจุนุฏ ูุนูููุง ุชุฌูุฒ ูุดู,view comment,,,,,,,,
,,assl_mh,09/01/22 21:33:33,0,@tajrobe.amal.bini ููููู ๐๐ป๐๐ป,view comment,,,,,,,,
,,maedehsh.79,09/01/22 21:45:17,0,@tajrobe.amal.bini ููููููโค๏ธโค,view comment,,,,,,,,
,,marjan_mehran93,09/01/22 22:28:57,0,@rooyaa_nj ููู ุญุงูุช ฺุดุงู ุนูุถ ุดุฏู ๐ข,view comment,,,,,,,,
,,marjan_mehran93,09/01/22 22:47:47,0,@shadi_ebrahimi122 ููู ููู ูุดฺฉู ุฑู ุฏุงุฑู ุ ูฺฏู ุจุงุฏ ุตุจุฑ ฺฉู,view comment,,,,,,,,
,,marjan_mehran93,09/01/22 22:52:25,0,@text_harfe_dell ูุฑู ุฏุงุฎู ุ ููู ูููุทูุฑู,view comment,,,,,,,,
,,sevda.hashemi55,10/01/22 18:56:43,0,@marjan_mehran93 ุฎุจ ุขุฏู ฺฉูุงูู ูุดู ูุฑ ุฏูุนู ู ุทุฑู ุจูู ฺฉูพ ูุดู,view comment,,,,,,,,
,,saharebeyrami,11/01/22 17:50:52,0,ุจุจุฎุดุฏ ูู ุนูู ฺฉุฑุฏู ฺฉ ูุงู ู ููู ุงุฒ ฺฏููู ุฎูุท ุฎูู ูุงุฏ ุจู ูุธุฑุชูู ุงุฒ ุจููู ุง ุณุฑูุง ุฎูุฑุฏฺฏู,view comment,,,,,,,,
,,nahid_1372220,11/01/22 18:28:07,0,@ema_pastries ุณูุงู ูู ุจุนุฏ ฺฉ ุณุงูู โุฏู ูุงู,view comment,,,,,,,,
,,tajrobe.amal.bini,11/01/22 20:22:19,0,@saharebeyrami ุนุฒุฒู ูุฑุฏูุด ููฺฉูู,view comment,,,,,,,,
,,saharebeyrami,11/01/22 20:38:35,0,@tajrobe.amal.bini ุนู ููฺฉูู ุจุฎู ุงู ูุดฺฉู ูพุด ุงููุฏู ุจุงุดู,view comment,,,,,,,,
,,mehrsa8190,12/01/22 09:06:44,0,ูพุณ ุดูุง ฺฉู ฺฏูุชู ุจูุฏู ุจุง ุชููุฑ ุฑุฏู ูุง ุฑู ุจุจุฑู,view comment,,,,,,,,
,,saharebeyrami,12/01/22 21:02:11,0,ุจุจุฎุดุฏ ูุดู ูุญูู ูุฒุฑุด ุจู ูู ุจฺฏู ุจุฑุง ุจููุง ฺฏูุดุช ุจุนุฏ ุนูู,view comment,,,,,,,,
,,saharebeyrami,12/01/22 21:02:38,0,ุจุจุฎุดุฏ ูุดู ูุฑุด ุฏุงุฏู ุจูู ุจุนุฏ ุนูู ุจุฑุง ุจููุง ฺฏูุดุชู ุจฺฏู,view comment,,,,,,,,
,,tajrobe.amal.bini,12/01/22 21:11:12,0,@mehrsa8190 ุจูู ุนุฒุฒู ุงฺฏุฑ ุจุง ุชููุฑ ูพุงฺฉ ูุดุฏ ุงู ุฑูุด ุฌูุงุจ ูุฏู,view comment,,,,,,,,
,,tajrobe.amal.bini,12/01/22 21:11:27,0,@saharebeyrami ูุงุณุงฺ ุจู ุชู ูพุฌ ูุณุช ุนุฒุฒู,view comment,,,,,,,,
,,sogolm5,13/01/22 11:01:08,0,ุณูุงู ุฎุณุชู ูุจุงุดุฏ. ุดุณุช ู ุดู ุจุง ุณุฑู ุฎู ุณุฎุชู ู ูุญุดุชูุงฺฉู ูุดู ุจู ุฌุงุด ุงุฒ ุงุณูพุฑ ุฑุงูููพ ุงุณุชูุงุฏู ฺฉุฑุฏ ุง ุฌุงฺฏุฑ,view comment,,,,,,,,
,,sogolm5,13/01/22 11:01:31,0,ุง ุฌุงฺฏุฑู ุจุฑุง ุณุฑู ุดุณุช ู ุดู ูุณุชุ,view comment,,,,,,,,
,,mahdieh_z81,13/01/22 23:10:42,0,@roya_mhd5005 ูู ุนุฒุฒู ูุฒุฏฺฉ ุฏููุงูู ุนูู ฺฉุฑุฏู ูููุฒู ูููุฌูุฑู โน,view comment,,,,,,,,
,,mahdieh_z81,13/01/22 23:13:00,0,@tajrobe.amal.bini ุณูุงู ูุดู ุฌูุงุจูู ุจุฏู ูู ูุฒุฏฺฉ ุฏููุงูู ุนูู ฺฉุฑุฏู ูู ูููุฒู ูุณ ูฺฉูู ููุช ุฑุงู ูุฑู ููฺฉ ุจูู ุชฺฉูู ูุฎูุฑู ุง ููุช  ุจุงู ุงูฺฏุงุฑ ู ฺุฒ ุชู ุจูู ฺฉุดุฏู ูุดู ุทุจุนูุุงุจุฑููู ูุฏู,view comment,,,,,,,,
,,mahdieh_z81,13/01/22 23:15:03,0,@marjanaryan76 ููู ูููุฌูุฑู ุฎู ุจุฏู ูฺฺฏููู ุชูุฒ ููุดู โน,view comment,,,,,,,,
,,mahdieh_z81,13/01/22 23:16:42,0,ูู ูุฑูููุน ุงูฺฉุงุฑู ุงูุฌุงู ูุฏู ุจูู ูุฑู ูฺฉูู ูุชุฑุณู๐ข,view comment,,,,,,,,
,,roya_mhd5005,14/01/22 12:19:04,0,@mahdieh_z81 ูู ููุท ููุชู ุงูู ุจูู ูุจุถ ูุฒุฏ ุงูุงู ุฏฺฏู ุฎูุจ ุดุฏู...,view comment,,,,,,,,
,,maede556_44,17/01/22 05:38:35,0,ุนุฒุฒู ุจุฑุง ฺฉุณุงู ฺฉู ุชุงุฒู ุนูู ฺฉุฑุฏูุ ุญุชูุง ุจุงุฏ ุฏฺฉุชุฑ ุจุฑุงุดูู ฺุณุจ ุจุฒููุุง ุฎูุฏุดููู ูุชูููุ,view comment,,,,,,,,
,,moriiravanii7,20/01/22 16:39:55,0,ฺูุฏ ุฑูุฒ ฺฉุจุงุฑ ุจุงุฏ ฺุณุจ ุนูุถ ฺฉุฑุฏุ!,view comment,,,,,,,,
,,my.love.anita,21/01/22 09:29:51,0,ุณูุงู ููููู ุงุฒ ุขููุฒุดโูุง ุนุงูุชูู ุจุจุฎุดู ูู ุญุฏูุฏ ุณู ูุงู ูุณุช ฺฉู ุจูู ุฑุง ุนูู ฺฉุฑุฏู ู ุฏฺฉุชุฑู ฺฏูุชู ฺุณุจ ุฑุง ุงุฏุงูู ุจุฏู ุฏุฑูุฒ ฺุณุจู ุชููู ุดุฏู ุจูุฏ ููู ฺุณุจ ุชุฑ ุงู ุขุจ ูู ุฎุฑุฏู ูู ูุชุงุณูุงูู ุจูู ุญุณุงุณุช ุฏุงุฏ ู ฺฉู ุจูู ุชุงูู ุฑุฒ ูุฑูุฒ ุฒุฏู ู ฺฉู ุจูู ูุฑู ฺฉุฑุฏ ุฎู ุบุตูู ฺฺฉุงุฑ ฺฉููุ ุฌูุนู ูู ูุณุช ุฏฺฉุชุฑู ุจูุด ูพุงู ุฏุงุฏู ฺฏูุช ุฏฺฏู ฺุณุจ ูุฒู,view comment,,,,,,,,
,,my.love.anita,21/01/22 09:33:07,0,@sahar.abszd ฺฺฉุงุฑ ฺฉุฑุฏู ุจุง ุงูุฑฺ,view comment,,,,,,,,
,,my.love.anita,21/01/22 09:49:24,0,@sahar.abszd ุณูุงู ุจุฑุง ุญุณุงุณุช ุจูุชูู ุจู ฺุณุจ ฺฺฉุงุฑ ฺฉุฑุฏูุ,view comment,,,,,,,,
,,sahar.abszd,21/01/22 09:59:53,0,@my.love.anita  ุจุฎุงุทุฑ ุฎุงุฑุด ู ุญุณุงุณุชุด ุฑูุบู ูุงุฑฺฏู ุฒุฏู ฺูุฏ ุณุงุนุช ูููุฏ ุจุนุฏ ุฒุฑุด ฺุณุจ ุช ุฌ ุฒุฏู ู ุฑูุด ฺุณุจ ุชุฑ ุงู ุฒุฏู ุฏุฑุณุช ุดุฏ ... ฺุณุจ ุช ุฌ ุจุฒู ุฎู ุงูฺฉ ูฺฉูู,view comment,,,,,,,,
,,mahdieh_z81,23/01/22 11:58:11,0,@anahit.family ุณูุงู ุนุฒุฒู ููู ุฏููุงูู ุนูู ฺฉุฑุฏู ุงููุงุด ฺฉู ููฺฉ ุจูู ุงุฒ ุฏุฑูู ุงุญุณุงุณ ูโฺฉุฑุฏู ุชฺฉูู ูุฎูุฑู ููุช ุฑุงู ูุฑู ุงูุงู ุจุงุฒ ฺูุฏ ุฑูุฒู ุฑู ุชุบู ุจูู ุงูุฌูุฑู ุดูุง ูู ูููุฌูุฑ ุจูุฏูุ,view comment,,,,,,,,
,,anahit.family,23/01/22 12:27:28,0,@mahdieh_z81 ุงุฑู ุฏููุง ุชุง ุฏู ุณุงู ุงูุฌูุฑ ุจูุฏู,view comment,,,,,,,,
,,mahdieh_z81,23/01/22 12:30:58,0,@anahit.family ุฌุฏ ูฺโ ูุดฺฏู ุจุฑุง ุจูุชูู ูพุด ูููุฏ ููฺฉู ุงุญุณุงุณ ูฺฉูู ุฏุงุฑู ุฌุงุจุฌุง ูุดู  ุงูฺฏุงุฑ ููุช ุฑุงู ูุฑู ุจุดุชุฑ ุงู ุงุชูุงู ุจุฑุงู ูููุชู ุจุฎุงุทุฑ  ููู ูุงุด ุฑุงู ูุฑู ููู ูุณุฎุฑู ูฺฉูู ู ุทุจุนู ูฺฏุฑุงู ูุจุงุดูุ,view comment,,,,,,,,
,,anahit.family,23/01/22 12:34:45,0,@mahdieh_z81 ูู ุจุงุจุง ูฺ ูุดฺฉู ูพุด ููุงุฏ ุญุฑู ูุฑุฏู ุงูฺฉ ฺฏูุด ูุฏู ฺูู ูุฒุงุฑ ุญุฑู ูุฒูู,view comment,,,,,,,,
,,mahdieh_z81,23/01/22 12:41:27,0,@anahit.family ูููููู ุนุฒุฒู ฺฉู ุฌูุงุจูู ุฏุงุฏูโค,view comment,,,,,,,,
,,anahit.family,23/01/22 12:47:52,0,@mahdieh_z81 ุฎูุงูุด ูโฺฉูู ุนุฒุฒู ูู ดุณุงู ุนูู ฺฉุฑุฏู ู ุงูุงูุด ุชูุงู ูุดฺฉูุงุช ุดูุง ุฑู ุฏุงุดุชู ุญุช ุทูุฑ ุจูุฏู ูุชุฑุณุฏู ุณุฑูู ุจุงุฑู ูพุงู ูู ุฎุฏุง ุฑู ุดฺฉุฑ ุฑุงุถู ู ุจู ูู ููู ุงูุนุงุฏู ฺฏูุดุช ุจูุฏ ุงูุงู ุนฺฉุณุงูู ุจุจู ูุชูุฌู ูุด ฺฉู ุฎู ูู ุทุจุน ุจูู,view comment,,,,,,,,
,,mahdieh_z81,23/01/22 14:31:12,0,@anahit.family ูุง ุฏููุง ููู ูุซู ุดูุงู ุฎุฏุงฺฉูู ุฎูุจ ุดู ููู ูฺฉ ูฺฉูู ุงุฏุง ุฏุฑูุงุฑู๐ข,view comment,,,,,,,,
,,elhamnz92,25/01/22 15:51:05,0,ุฑุฏู ูุง ฺุณุจ ุฑู ุจู ูู ุฎู ุชุฑู ุดุฏูุ ูุฑ ุฏูุนู ฺฉู ฺุณุจ ุฑู ุนูุถ ูฺฉูู ุชูุฒุด ูฺฉูู ูู ูพุงฺฉ ููุดูุ ฺ ฺฉุงุฑ ฺฉูู๐ข,view comment,,,,,,,,
,,asma.e.h,13/12/21 04:39:53,0,@negar91968 ูุฑุณ,view comment,,,,,,,,
,,faeze_sa.pvv,13/12/21 10:19:41,0,@atefeeh_s ๐๐๐๐,view comment,,,,,,,,
,,baharriiw,13/12/21 17:47:00,0,@leilajafari70 ุณูุงู ุจุจุฎุดุฏูุงู ููู ูููุฌูุฑู ูุงู ุดูุงุฏุฑุณุช ุดุฏ๐ข,view comment,,,,,,,,
,,baharriiw,13/12/21 17:49:57,0,@__saraa.__72 ุณูุงู ุนุฒุฒู ุจุจุฎุดุฏุจูุชูู ุฏุฑุณุช ุดุฏูุงู ููู ูููุฌูุฑู ุฏููุงูู ุฏุงุฑู ุฏููู ูุดู ๐ข,view comment,,,,,,,,
,,__saraa.__72,13/12/21 17:53:25,0,@baharriiw ุณูุงู ุนุฒุฒู ูู ุงูุงู ุฏู ูุงูู ฺูุฏ ุฑูุฒู ุนูู ุดุฏู ุู ูุฑู ุฎู ุฒุงุฏ ูฺฉุฑุฏู ุงุตูุงุููููู ุงูฺฏุงุฑุฺฉู ุญุณ ูฺฉูู ฺฉุฌุด ููุท ุจูุชุฑ ุดุฏูุุงููู ููุท ุจูุชุฑ ุดุฏู ฺฉุงูู ุฑูุน ูุดุฏูุูู ููฺูุงู ููููุฌูุฑู ุุณูุฑุงุฎุง ุจููู ฺฉ ูุณุช ฺฉุด ุญูุงูู ฺฉุด ุตุงู,view comment,,,,,,,,
,,baharriiw,13/12/21 19:01:17,0,@__saraa.__72 ุขุฎ ุนุฒุฒู ููู ูููุฌูุฑู ุงูุดุงุงููุน ฺฉู ูุฑู ุจุงุดู ูุงู ูุฑุฏูููู ุฑูุน ุดู,view comment,,,,,,,,
,,__saraa.__72,13/12/21 22:42:43,0,@baharriiw ุงุดุงูุง ุนุฒุฒู,view comment,,,,,,,,
,,adorbad_charm,14/12/21 17:07:51,0,ูู ถุฑูุฒู ุนูู ฺฉุฑุฏู ููุท ูุดฺฉูู ุงูู ุณุฑูู ูฺฉูู ุงูุจุชู ุจุง ุฏูู ุจุงุฒ ู ุงุฑูู ุณุฑูู ูฺฉูู ูู ูฺฏุฑุงูู ุจูู ุฎุฑุงุจ ูุดู,view comment,,,,,,,,
,,tajrobe.amal.bini,14/12/21 20:00:57,0,@168.zahra ุนุฒุฒู ูุฑู ุฏุงุฑู ุจูุชูู ุงูุงู ุจุง ุงุฒุจู ุฑูุชู ูุฑู ุฏุฑุณุช ูุดู,view comment,,,,,,,,
,,tajrobe.amal.bini,14/12/21 20:01:10,0,@sadat.fh ูุฑฺ ฺฉู ุงุฒ ุงูุงูุงุณ ุฏุฑุณุช ุดู ุชุงุซุฑ ุฏุงุฑู,view comment,,,,,,,,
,,tajrobe.amal.bini,14/12/21 20:01:47,0,@parvaneh.shfih ุนุฒุฒู ูพุฑู ูุง ุจู ูุฑู ูฺฉูู ุฏุฑ ูุฑ ุตูุฑุช ู ุชุง ฺฉุณุงู ููฺฉูู ูุฑูุดูู ุทูู ุจฺฉุดู,view comment,,,,,,,,
,,tajrobe.amal.bini,14/12/21 20:02:03,0,@adorbad_charm ูุดฺฉู ูพุด ููุงุฏ,view comment,,,,,,,,
,,heydaryii,15/12/21 10:48:13,0,ููุฑุฏ ฺฉ ุฑู ุงูุฌุงู ุฏุงุฏู ู ูุงูุนุง ุชุงุซุฑ ฺฏุฐุงุฑ ุจูุฏ ูููููู.,view comment,,,,,,,,
,,fateme_eslahi_7466,17/12/21 13:23:46,0,@hanieh_ziraki_1380_ ุจูุชูู ฺฉุฌ ูุดุฏู ุ ุฎูุจู ุงูุงู ุ ูู ุฏู ุฑูุฒ ุจุนุฏุด ฺูพุณ ุฎูุฑุฏู ๐ญ๐ญ ูุชุฑุณู,view comment,,,,,,,,
,,hanieh_ziraki_1380_,17/12/21 14:03:52,0,@fateme_eslahi_7466 ูู ุงุตูุง๐คฃุงุตูุง ูฺฏุฑุงู ูุจุงุด,view comment,,,,,,,,
,,fateme_eslahi_7466,17/12/21 15:04:13,0,@hanieh_ziraki_1380_ ุงุฌุงุฒู ูุณุช ุจุงู ูพ ู ุชูู ุุ,view comment,,,,,,,,
,,reyhane._.s.pv,17/12/21 17:54:52,0,ุงฺฏ ุจุนุฏ ุงุฒ ฺฉูุงู ุนูู ูููู ุจฺฉุดู ุ ุถุฑุฑ ุฏุงุฑู ุ ูุฑู ฺฉูู ูุฑูุด ูโุฎูุงุจู ุง ูููุฏฺฏุงุฑูุ,view comment,,,,,,,,
,,rashidimojgan772,18/12/21 20:55:37,0,ุจุจุฎุดุฏ ุนูุช ุณูุช ุฒุฏู ุจู ฺูุ ทูุงูู ุนูู ฺฉุฑุฏู,view comment,,,,,,,,
,,_arefex__ke,19/12/21 06:52:17,0,ุจุนุฏ ุงุฒ ุนูู ุจู ูุชููู ููฺฉ ู ูููู ุจุฑุฒู ุชู. ุบุฐุง,view comment,,,,,,,,
,,leyli_m2b,19/12/21 07:42:38,0,ูู ตุฑูุฒ ุงูู ุฑุนุงุช ฺฉุฑุฏู ุณููพโุฎูุฑุฏู ุนู ุจูู ุฎุฑุงุจ ุดุฏู๐ฎ ฑฒุฑูุฒ ุนูู ฺฉุฑุฏู,view comment,,,,,,,,
,,leyli_m2b,19/12/21 07:46:45,0,ุงฺฉู ุจู ุจู ุงุฑูู ุฏุณุช ุจุฒูู ุง ุงูฺฉู ุชูุด ุจุง ฺุฒ ุชูุฒ ฺฉูู ุชู ฑฒุฑูุฒ ูุดฺฉู ุฏุงุฑูุ,view comment,,,,,,,,
,,mrs__hanieh_,20/12/21 07:40:28,0,ูู ุฏูุฑูุฒู ุนูู ฺฉุฑุฏู ฺุดุงู ุฎู ูพู ฺฉุฒุฏู ฺฺฉุงุฑ ุญูู,view comment,,,,,,,,
,,taraneh_ariafar13827,20/12/21 12:11:30,0,ุจุจุฎุดุฏ ุฒูุงู ฺฉู ฺฉฺ ุฑู ุจูู ูุดู ูุงุณฺฉ ุฒุฏุ,view comment,,,,,,,,
,,hanii_mohamdi_,22/12/21 06:05:44,0,ฺฉููพุฑุณ ุฎ ุฑู ูุณุชูู ุจุฒุงุฑู ุง ุจุงุฏ ฺฏุงุฒ ุง ุจุงูุฏ ุฒุฑุด ุจุงุดู,view comment,,,,,,,,
,,monicaa_adrinaa,22/12/21 09:08:21,0,ุนุฒุฒู ุชุง ฺฉ ูุจุงุฏ ุณุฑ ุฑู ุจู ูพุงู ุฒุงุฏ ูฺฏุฑู ุง ููุงุธุจ ุฎูุฏุฏู ู ุนุทุณู ู ุฎูุงุฒู ููู ุจุงุดูุูู ถต ุฑูุฒู ุนูู ฺฉุฑุฏู,view comment,,,,,,,,
,,monicaa_adrinaa,22/12/21 09:08:59,0,ุชุง ฺฉ ูุจุงุฏ ููฺฉ ู ูููู ูุฎูุฑุฏุ,view comment,,,,,,,,
,,negaree_m,24/12/21 13:39:11,0,@negar91968 ุจุฑุง ูู ุฏุฑุฏ ูฺฉุฑุฏ ู ฺฉูุงูู ฺฉููุฏู,view comment,,,,,,,,
,,negar91968,24/12/21 14:40:42,0,@negaree_m ุฎูุจ ูุดู ฺฏูู ุชุญูู ฺฉู ูุฑุจุฏู ู ุฌูุฑ ูุงฺฉูุด ูุดูู ูุฏู,view comment,,,,,,,,
,,negaree_m,24/12/21 15:15:24,0,@negar91968 ููููู ุุงูุดุงููู,view comment,,,,,,,,
,,negar91968,24/12/21 15:17:40,0,@negaree_m ุฎูุจ ูุดู ฺฏูู ุชุญูู ฺฉู ูุฑุจุฏู ู ุฌูุฑ ูุงฺฉูุด ูุดูู ูุฏู,view comment,,,,,,,,
,,s_ahell14000,25/12/21 10:58:00,0,ุงูุชุง ุฌูู ูู ุฏููุงู ุนูู ฺฉุฑุฏู ุณูุฑุงุฎูุง ุจูู ุฎู ูุงูุชูุงุฑู ุขุง ุจุฑู ูพุด ุฏฺฉุชุฑ ุฏุฑุณุชุด ูฺฉูู,view comment,,,,,,,,
,,s_ahell14000,25/12/21 10:59:42,0,ุงูุจุชู ูพูุจู ุงู ฺฏุฐุงุดุชู ูู ุฏุฑุณุช ูุดุฏู,view comment,,,,,,,,
,,mohadeseh._.ebr80,27/12/21 21:56:08,0,ุณูุงู ุขูุชุง ุฌูู ูุดู ูุทูุง ุฌูุงุจ ุจุฏู ุชุง ฺูุฏ ุฑูุฒ ุจุนุฏ ุงุฒ ุนูู ูุจุงุฏ ุณุฑููู ุฑู ูพุงู ุจฺฏุฑูุ,view comment,,,,,,,,
,,tajrobe.amal.bini,28/12/21 10:36:19,0,@reyhane._.s.pv ุนุฒุฒู ูุฑู ูฺฉูู ูู ุงุฒุจู ูุฑู,view comment,,,,,,,,
,,tajrobe.amal.bini,28/12/21 10:36:29,0,@rashidimojgan772 ุจุงุฏ ุจู ูพุฒุดฺฉ ุงุทูุงุน ุจุฏุฏ,view comment,,,,,,,,
,,tajrobe.amal.bini,28/12/21 10:36:52,0,@_arefex__ke ููฺฉ ุฏุฑ ุญุฏ ฺฉู ูุซู ุบุฐุง ุฑฺู ุจูู ูุดู ูู ุบุฐุง ุชูุฏ ู ุดูุฑ ุชุง ุณู ูุงู ูุตุฑู ูฺฉูุฏ,view comment,,,,,,,,
,,tajrobe.amal.bini,28/12/21 10:37:07,0,@leyli_1371320 ุงุดุงูุง ฺฉู ูู,view comment,,,,,,,,
,,tajrobe.amal.bini,28/12/21 10:37:22,0,@leyli_1371320 ูพุณุช ุงุฎุฑ ู ุจุจูุฏ,view comment,,,,,,,,
,,tajrobe.amal.bini,28/12/21 10:38:15,0,@mrs__hanieh_ ุนุฑุฒู ูุฑู ุตูุฑุช ููฺฉูู ุณู ุชุง ุดุด ูุงู ุทูู ุจฺฉุดู ุชุง ฺฉุงูู ุงุฒุจู ุจุฑู,view comment,,,,,,,,
,,tajrobe.amal.bini,28/12/21 10:38:30,0,@taraneh_mohamady13827 ุจูู ุนุฒุฒู ูุงุณฺฉ ูพุฒุดฺฉ ุณู ุจุนุฏ ุณุงุฒ ุจุฒุฑฺฏ,view comment,,,,,,,,
,,tajrobe.amal.bini,28/12/21 10:40:07,0,@hanii_mohamdi_ ู ูพุงุฑฺู ุง ุฏุณุชูุงู ุชูุฒ ุจุงุฏ ุฒุฑุด ุจุงุดู,view comment,,,,,,,,
,,tajrobe.amal.bini,28/12/21 10:40:55,0,@monicaa_adrinaa ุนุฒุฒู ุฑุงุฌุจ ููู ุณูุงูุงุชุชูู ูพุณุช ุฏุงุฑู ุจุจูุฏุดูู ูุทูุง โค๏ธ,view comment,,,,,,,,
,,tajrobe.amal.bini,28/12/21 10:41:12,0,@s_ahell14000 ุนุฒุฒู ุงูุงู ูุฑู ุฏุงุฑู ุญุฏุงูู ุชุง ุดุด ูุงู ุตุจูุฑ ุจุงุดุฏ,view comment,,,,,,,,
,,tajrobe.amal.bini,28/12/21 10:41:19,0,@s_ahell14000 ุฏุฑุณุช ูุดู ุจู ูุฑูุฑ,view comment,,,,,,,,
,,tajrobe.amal.bini,28/12/21 10:41:28,0,@mohadeseh._.ebr80 ุชุง ุฏูููุชู ุนุฒุฒู,view comment,,,,,,,,
,,reyhane._.s.pv,28/12/21 10:42:22,0,@tajrobe.amal.bini ูุฑุณ ุงุฒูฺฉู ุฌูุงุจูู ุฏุงุฏโค๏ธ,view comment,,,,,,,,
,,hanii_mohamdi_,28/12/21 10:42:50,0,@tajrobe.amal.bini ูุฑุณ ุนุฒุฒู ููุฏ  ูู ุงุตู ููุชููู ุจุฎูุงุจู ุงูุงู ุดุด ุฑูุฒู ูุชุฑุณู ุจ ูพููู ุจุฎูุงุจู ฺฉ ุฏู ุจุงุฑ ุจ ูพููู ุฎูุงุจู ุจุฑุฏ ููฺฉูู ฺฉุฌ ุดุฏู ุจุงุดูุ,view comment,,,,,,,,
,,mohadeseh._.ebr80,28/12/21 11:03:54,0,@tajrobe.amal.bini ููููู ุขูุชุง ุฌุงูโค๏ธ,view comment,,,,,,,,
,,rominaa.2,29/12/21 00:38:49,0,ุจุนุฏ ฺฉูุงู ุนูู ุดุณุช ู ุดู ุจู ุฑู ูุฑู ุชุงุซุฑ ุฏุงุฑูุ,view comment,,,,,,,,
,,mahdeyeh_baghery,31/12/21 10:52:47,0,ุณูุงู ูู ถ ุฑูุฒู ุนูู ฺฉุฑุฏู ุชุง ฺูุฏ ุฑูุฒ ุจุงุฏ ุฑู ฺฉูุฑ ุจุฎูุงุจ ุูุชุง ฺูุฏ ุฑูุฒ ุจุงุฏ ุณุฑุช ุจุงูุง ุจุงุดู ุุณุฑุช ูพุงู ููุฏุงุฒ ุ,view comment,,,,,,,,
,,sajadn9,31/12/21 20:18:25,0,ุณูุงู ุฎูุงุณุชู ุจุจูู ุงููพูู ฺฉูุฑุชูู ฺูุฏุฑ ุชุงุซุฑ ุชู ฺฉูฺฺฉ ฺฉุฑุฏู ุจู ุฏุงุฑุนุ,view comment,,,,,,,,
,,tajrobe.amal.bini,02/01/22 19:14:48,0,@rominaa.2 ุนุฒุฒู ุดุณุชุดู ุฎู ุจุง ูุฑู ูุฑุชุจุท ูุณุช ูู ุจุงุฏ ุดุณุชุดู ุจุฏุฏ ุชุง ุงูุชูุงุจ ุฏุงุฎู ุจู ุจุดุชุฑ ูุดู ู ุฏุงุฎู ุจู ุชูุฒ ุจุดู,view comment,,,,,,,,
,,tajrobe.amal.bini,02/01/22 19:15:12,0,@mahdeyeh_baghery ุฑุงุฌุจ ุชูุงู ุณูุงูุงุชุชูู ูพุณุช ุฏุงุฑู ุฏุงุฎู ูพุฌ ๐น๐๐ป,view comment,,,,,,,,
,,tajrobe.amal.bini,02/01/22 19:15:27,0,@sajadn9 ุงฺฏุฑ ูุงูุนุง ูุงุฒู ุจุงุดู ุฎู ุชุงุซุฑ ุฏุงุฑู,view comment,,,,,,,,
,,samira._babaei,04/01/22 11:23:33,0,ูู 10 ุฑูุฒู ุนูู ฺฉุฑุฏู ูู ุจุฑุง ุบุฐุง ุฎู ุฑุนุงุช ูฺฉุฑุฏู ุงุฒ ุงูุนุงู ุฑุนุงุช ฺฉูู ๐,view comment,,,,,,,,
,,delvin__7228,06/01/22 13:32:59,0,ุณูุงู ุจุนุฏ ุงุฒ ุชุฒุฑู ฺฉูุฑุชู ฺูุฏ ููุช ุจุงุฏ ฺุณุจ ุจุฒูู ุ,view comment,,,,,,,,
,,z.m.s1998,06/01/22 22:55:01,0,ุณูุงู ูู ุฏููุงู ุงุฒุนูู ุจูู ูฺฏุฐุฑู ุงูุงุจุนุฏุฎูุฏู ุฒุงุฏ ุงูฺฏุงุฑุจุฎู ุง ุฏุงุฎู ุจูู ฺฉุด ุงููุฏ ูุณูุฒุด ุฏุงุดุช. ูุฎูุท ุจูู ููุฑุงู ุจุงุฎูู ุจูุฏ ฺฺฉุงุฑฺฉููุ,view comment,,,,,,,,
,,masi829_,08/01/22 06:35:23,0,ูู ุงุณููุฏ ููุช ุนูู ุฏุงุฑู ุจูู ููุท ููฺฉุด ฺฉู ุงูุชุงุฏุณ ู ุฑู ุจู ูพุงูู ููุฏููู ฺู ูุฏู ุจฺฏู ู ุฎูุง ูฺฏู ูุนูููุง ุฏฺฉุชุฑุง ฺฉุงุฑ ุฑู ฺฉู ุฎูุฏุดูู ูุฏููู ุงูุฌุงู ูุฏู ู ุจู ุดุฏุช ุงุณุชุฑุณ ุจููุด ุฏุงุฑู ู ุงู ฺฉู ฺู ูุฑู ูุฎุงุฏ ุจุดู๐ข,view comment,,,,,,,,
,,shiivahoseini,08/01/22 10:37:15,0,ุงูุงู ููุชู ุณูู ุนูู ฺฉู ุฑูุตุฏู ููฺฉ ุจูู ููุชู ุจุนุฏูุงุุุ๐ญ๐ญูุทูุง ุฌูุงุจ ุจุฏู ุงุณุชุฑุณ ุฏุงุฑู ุฎุฏุงฺฉูู ุฎุฑุงุจ ูุดู,view comment,,,,,,,,
,,_k_arezoo_,08/01/22 21:31:59,0,@nouriam2021 ุณูุงู ุงูฺฉู ฺฏูุชู ุณูุฑุงุฎ ุจูุชูู ูุฑูู ูุณุช ู ฺฉุฌู ุงูุงู ุฏุฑุณุช ุดุฏูุ,view comment,,,,,,,,
,,_om_nava,11/01/22 02:14:30,0,ุณูุงู ูู ุฏูโุฑูุฒู ฺฉู ุนูู ฺฉุฑุฏู ู ุฒุฑ ุจูู ูพุงูุณูุงู ูุณุช ู ุญุณ ูฺฏูู ฺฉู ุฎููุฑุฒ ุฏุงุฑูุ ุฏุฑ ุงุซุฑ ูุดุณุชูู ุง ุฎูุงุจู ุ ู ุงูฺฉู ุฎููุฑุฒุด ุทุจุนูุ ูุดูฺฏ ุญุณ ูฺฉูู ูุทุฑู ูุทุฑู ูุงุฏ ุฒุฑ ูพุงูุณูุงูู ๐ฅ,view comment,,,,,,,,
,,farimahmorady,11/01/22 13:04:28,0,ุงุจ ฺฉุฑูุณ ุจุนุฏู ู ููุชู ุจุฑุง ฺฉุงูุด ูุฑู ุจู ุชุงุซุฑ ุฏุงุฑูุ,view comment,,,,,,,,
,,farimahmorady,11/01/22 13:07:28,0,ุญุฑู ุฒุฏู ุนุงุฏ ูุฒ ุฑูุฒ ุณูู ุจู ุจุนุฏ ุนูุงุฑุถ ุฏุงุฑูุ,view comment,,,,,,,,
,,roqayyeeh,11/01/22 16:46:36,0,ุดูุง ูฺฏู ุฏู ููุชู ุจุนุฏุงุฒ ุนูู ุบุฐุง ูฺฉุณ ุดุฏู ุจุฎูุฑู ูู ุฏฺฉุชุฑ ูู ฺฏูุชู ูุชูู ุจุนุฏุงุฒ ุฏู ุฑูุฒ ุบุฐุง ุณูุฑู ุจุฎูุฑ ฺุฑุงุ,view comment,,,,,,,,
,,leylaamrayi,14/01/22 14:52:31,0,ููุท  ููุชู ุบุฐุง ุฌูุฏู ูุฎูุฑู ุ,view comment,,,,,,,,
,,__mitra1997__,14/01/22 23:40:23,0,ูู ฺฉ ููุชุณ ุนูู ฺฉุฑุฏู ฺฉุจูุฏ ู ูุฑูู ุฎู ุฒุงุฏ ุจูุฏ. ุชุง ุญุฏูุฏ ูู ุดุฏู ูู ุฏุงุฎู ฺุดูู ุฎูู ุฌูุน ุดุฏู ู ูุฑูุชู ูุนูุง๐ข,view comment,,,,,,,,
,,maryam_j498,15/01/22 15:27:20,0,@leilajafari70 ุณูุงู ฺฉุฌ ุจู ุชูู ุฑูุน ุดุฏุ๐ขููู ุญุงูู ุฎู ุจุฏู,view comment,,,,,,,,
,,leilajafari70,15/01/22 15:32:25,0,@maryam_j498 ุนุงุงุงุงู ุดุฏู ููุท ุตุจุฑ ฺฉูุฏ๐โค๏ธ,view comment,,,,,,,,
,,maryam_j498,15/01/22 15:36:11,0,ุณูุงู ุจุจุฎุดุฏ ฺฉุฌ ุจูุชูู ุจุฑุทุฑู ุดุฏ ุงุฎู ุจุฑุง ููู ุงูุทูุฑ ุญุงูู ุฎู ุจุฏ ุดุฏู๐ข,view comment,,,,,,,,
,,maryam2021.b,15/01/22 15:37:34,0,@maryam_j498 ุณูุงู ุจูุชุฑ ุดุฏู ูฺฏุฑุงู ูุจุงุด ุจู ูุฑูุฑ ุฎูุจ ูุดู,view comment,,,,,,,,
,,maryam_j498,15/01/22 16:58:35,0,@leilajafari70 ุงุฎู ูฺฉุฑ ูฺฉูู ู ุทุฑู ููฺฉ ุจูู ุบุถุฑูู ุจุดุชุฑ ฺฉุงุฑ ฺฏุฐุงุดุชู,view comment,,,,,,,,
,,almasi.azad,17/01/22 23:49:14,0,@tajrobe.amal.bini ุจุนุฏ ุงุฒ ุนูู ุชุง ฺูุฏ ููุช ุจุงุฏ ุจู ฺฉูุฑ ุฎูุงุจุฏุ,view comment,,,,,,,,
,,almasi.azad,18/01/22 00:14:58,0,@tajrobe.amal.bini ุฒุฑ ฺฉุงููุชุงุชูู ุฎููุฏู ฺฏูุชู ูุซู ุจุนุฏ ุงุฒ ุนูู ุจู ุญุณุงุณ ูุดู ูู ุณู ููุชุณุช ุนูู ุจู ุงูุฌุงู ุฏุงุฏู ฺูุฏ ุฑูุฒู ฺุดู ุณูุช ฺูพู ุฏุฑุฏู ุนู ุญุณุงุณ ุดุฏู ุง ุฑุจุท ูุฏุงุฑู๐๐ญ,view comment,,,,,,,,
,,bayan_gawhari,19/01/22 14:17:09,0,ุณูุงู ูู ฒฒุฑูุฒู ุนูู ฺฉุฑุฏู ุจู ุฏฺฉุชุฑู ฺฏูุชู ุจูู ููุณ ุฏุงุดุชู ุจุงุดุชู ูู ุงูุงู ููุณุด ูุนููู ูุณุช ุงุตูุง ุงูฺฏุงุฑุตุงูู ุจุนุฏ ู ุทุฑูู ุจูู ูุฑู ุฏุงุฑู ุงูฺฏุงุฑ ุจุฑุด ูุฎูุฑุฏู ู ฺฉูฺฺฉ ูุดุฏู ุฎู ูฺฏุฑุงูู ฺฺฉุงุฑ ฺฉูู ุงุง ุจูุชุฑ ูุดู ุจุนุฏ ฺูุฏ ูุงู ููุณุด ฺ ุ,view comment,,,,,,,,
,,k81raad,20/01/22 05:46:50,0,@tajrobe.amal.bini ูู ุงุฒ ุฑูุฒ ธ ุงู ฺฏุงูุง ุจู ูพููู ูุฎูุงุจุฏู ุนู ูุดฺฉู ุงุฌุงุฏ ฺฉุฑุฏูุูุฑู ุจูู ุนูุถ ูุดูุ,view comment,,,,,,,,
,,k81raad,20/01/22 05:48:21,0,ูู ุงุฒ ุฑูุฒ ท ุงู ุบุฐุง ุฌูุฏู ุฎูุฑุฏู ุงูุง ฺุฒุง ุณูุช ููุฎูุฑุฏู ุณุนู ูฺฉุฑุฏู ฺฉูฺููู ฺฉูฺููู ุจุฎูุฑู,view comment,,,,,,,,
,,mhsahyayymahsa,21/01/22 11:49:59,0,@nafas_sbu71 ุดูุงฺฺฉุงุฑฺฉุฑุฏุฏููุฒุจูุชูู ุฑู,view comment,,,,,,,,
,,aelhammv8,23/01/22 07:49:53,0,@niloo__s.z ฺุฑุงุจุฑู ูู ุญูุงุณุช ุจุงุดู ูุฒุง  ูุฎูุงุตู ุฎู ุญูุงุณุช ุจ ุจูุช ุจุงุดู ุชูุฌูุน ุดููุบ ูุดู,view comment,,,,,,,,
,,arwyn2535,23/01/22 07:57:23,0,ุงุญุณุงุณ ฺฏุฒ ฺฏุฒ ูพุดุช ูุจ ูุงุณู ฺูุ,view comment,,,,,,,,
,,aelhammv8,23/01/22 07:58:36,0,ุจุจุฎุดุฏุจุฑุงุฌูุดูุง ุณุฑุณุงู ูุฌูุด ุฑู ุจู ูุฒูู ุจุนุฏุนูู ฺ,view comment,,,,,,,,
,,mahdieh_z81,23/01/22 08:02:28,0,@tajrobe.amal.bini ูุงุง ุชุฑู ุฎุฏุง ุฌูุงุจูู ุจุฏู ตตุฑูุฒู ุนูู ฺฉุฑุฏู ูู ู ฺูุฏ ุฑูุฒู ุงุญุณุงุณ  ูฺฉูู ุจูู ุฎู ุชฺฉูู ูุฎูุฑูฺู ุญุฑู ุจุฒูู ฺู ุฑุงู ุจุฑู ูููุฌูุฑู ุทุจุนู ุจูุธุฑุชููุ,view comment,,,,,,,,
,,haneyeh.artand,23/01/22 08:27:39,0,ุจุจุฎุดุฏ ุนูุช ูุฑู ุฑูุชฺฏ ูพุฑู ูุง ุจู ฺูุ,view comment,,,,,,,,
,,ali__najarzadeh74,23/01/22 08:51:30,0,ูู ุฎู ุณฺฏุงุฑ ูฺฉุดู ู ุณู ููุชู ุฏฺฏู ููุจุช ุนูู ุฏุงุฑู ุ ฺฺฉุงุฑ ฺฉูู ฺฉู ุจุชููู ูฺฉุดูุุ,view comment,,,,,,,,
,,hesami.elnaz,23/01/22 09:37:21,0,@maryam_j498 ููู ููู ูุดฺฉู ุฑู ุฏุงุฑู ุบุตุฑูู ูุง ุจู ูู ฺฉู ฺฏุฐุงุดุชู ฺฉุงููุง ูุดุฎุตู ูุงู ุดูุง ููุุ,view comment,,,,,,,,
,,neda.ravardshiri68,23/01/22 11:51:40,0,@goldozi_mozhgoll ุณูุงู ุนุฒุฒู ูุดฺฉู ูุฑูุชูู ุญู ุดุฏ ุฏุฑุณุช ุดุฏ ุจูุชูู ฺูู ููู ูุดฺฉู ุดูุงุฑู ุฏุงุฑู,view comment,,,,,,,,
,,mahsa896,23/01/22 12:13:05,0,@nafas_sbu71 ุฏููุง ููู ุงุฒ ุงู ฺุฒุง ูุชุฑุณู ุชุงุฒู 1ูุงู ู 22ุฑูุฒู ุนูู ฺฉุฑุฏู ฺฏุงู ฺุณุจ ูุฎูุงู ุนูุถ ฺฉูู ุญุณ ูฺฉูู ฺุณุจ ูุจุงุดู ุฑู ุจูู ุงูฺฏุงุฑ ุจูู ุดูู ู ูุฑูุญุธู ฺฉ ูุฎูุงุฏ ุจููุชู ูพุงู ๐ข๐ข๐ข,view comment,,,,,,,,
,,mahsa896,23/01/22 12:14:11,0,@pumkin.2013 ูู ููุด ฺฏุฑู ูฺฉูู ูุงูุนุง ูฺฉุฑ ฺฉูู ูุงุณู ูููู ฺฉ ูุฑู ุจูู ฺฉู ููุดู๐ข๐ข๐ข ุงูุงู ู22ุฑูุฒ,view comment,,,,,,,,
,,mahsa896,23/01/22 12:14:50,0,@ja____fri ุณูุงู ูฺฏู ุนูุงุฑุถ ุฏุงุฑูุุุ,view comment,,,,,,,,
,,pumkin.2013,23/01/22 14:27:41,0,@mahsa896 ฺฉ ูุงู ฺฉ ฺุฒ ูุณ ูฺฏุฑุงู ูุจุงุด ฺฉู ูุดู,view comment,,,,,,,,
,,maryam_j498,23/01/22 14:46:08,0,@fatmhsdy5 ุฏูุณุช ุนุฒุฒ ฺุณุจูุฏฺฏ ุจู ฺุทูุฑ ุจูุฌูุฏ ูุงุฏุ,view comment,,,,,,,,
,,maryam_j498,23/01/22 14:47:19,0,@leilajafari70 ุณูุงู ฺฉุฌ ุจูุชูู ุฑูุน ุดุฏุุ,view comment,,,,,,,,
,,fatmhsdy5,23/01/22 15:26:07,0,@maryam_j498 ูุงูุง ุฏูู ููโุฏููู ูู ููุท ุฏุฏู ุฏฺฉุชุฑุชูฺฉุงุบุฐููุดุชู ฺุณุจูุฏฺฏ ุฏุงุฑู ููโุฏููู ฺู ุฌูุฑ ุจู ูุฌูุฑุงููุฏู,view comment,,,,,,,,
,,maryam_j498,23/01/22 16:36:22,0,@hesami.elnaz ููุฏููู ุบุถุฑูู ุงุถุงูู ุงุณ ุง ุงูฺฉู ูุฑูู ุฎูุฏุดูู ูฺฏู ูุฑูู ุงูุฏูุงุฑู ุฏุฑุณุช ุจฺฏู๐ข,view comment,,,,,,,,
,,melika_ys_,24/01/22 07:01:43,0,@leyli_m2b ูุดฺฉู ุฏุงุดุชุ,view comment,,,,,,,,
,,melika_ys_,24/01/22 07:05:40,0,@mrs__narcissus ุฑฺฉ ูุง ุฎูู ุชุงุฒู ุจูุฏุ,view comment,,,,,,,,
,,leyli_m2b,24/01/22 12:49:49,0,@melika_ys_ ูุงูุง ูุนูุง ฺฉู ฺฉุฌโูฺฉููู ูุณุช,view comment,,,,,,,,
,,leyli_m2b,24/01/22 12:50:03,0,@melika_ys_ ตฐุฑูุฒ ุนูู ฺฉุฑุฏู,view comment,,,,,,,,
,,mahsa896,25/01/22 08:35:24,0,@pumkin.2013 ุฎูุฑุฏู ฺฉุงฺฉุงุฆู ุง ฺฉฺฉ ุดฺฉูุงุช ุจุงุนุซ ูุฑู ูุดูุุุ,view comment,,,,,,,,
,,pumkin.2013,25/01/22 09:20:55,0,@mahsa896 ููุฏููู ูู ุชุง ณูุงู ูุฎูุฑุฏู,view comment,,,,,,,,
,,mahsa896,25/01/22 09:22:17,0,@tajrobe.amal.bini ุณูุงู ุฎูุฑุฏู ุดฺฉูุงุช ู ฺฉฺฉ ฺฉุงฺฉุงุฆู ูุดฺฉู ุฏุงุฑูุ  ูุฑู ูฺฉูู ุจูุ,view comment,,,,,,,,